Date,Open,High,Low,Close,Volume,"('Date', '')","('Open', 'BTC-USD')","('High', 'BTC-USD')","('Low', 'BTC-USD')","('Close', 'BTC-USD')","('Volume', 'BTC-USD')"
2017-01-01,997.4,1005.0,960.53,966.34,6765936.165117411,,,,,,
2017-01-02,1012.54,1032.0,990.01,997.8,8276030.793166411,,,,,,
2017-01-03,1035.24,1039.0,999.99,1012.02,9276734.580567071,,,,,,
2017-01-04,1114.3,1139.89,1028.56,1035.74,23476506.06854417,,,,,,
2017-01-05,1000.42,1136.72,885.41,1113.97,36190813.62907297,,,,,,
2017-01-06,894.43,1026.99,871.0,1004.74,25531436.933740128,,,,,,
2017-01-07,903.97,907.05,812.28,895.5,17619070.31558711,,,,,,
2017-01-08,909.6,941.81,881.3,906.22,8164011.031562813,,,,,,
2017-01-09,896.96,912.87,875.0,909.8,7782148.932773347,,,,,,
2017-01-10,903.46,912.47,889.41,896.06,7706384.169592533,,,,,,
2017-01-11,778.54,918.4,755.0,904.08,29452194.072808374,,,,,,
2017-01-12,807.5,832.99,751.34,777.56,13632462.289825585,,,,,,
2017-01-13,826.8,831.4,775.0,805.77,9224970.693684436,,,,,,
2017-01-14,818.27,837.76,810.0,825.98,5469742.265374147,,,,,,
2017-01-15,821.85,823.45,808.0,819.55,3454909.014246308,,,,,,
2017-01-16,831.81,835.0,818.09,821.85,5107434.949496119,,,,,,
2017-01-17,905.95,908.5,827.0,831.76,10774970.286989484,,,,,,
2017-01-18,886.7,915.99,851.74,906.97,9830026.487186903,,,,,,
2017-01-19,902.51,910.0,878.89,887.75,9928565.117997428,,,,,,
2017-01-20,895.8,902.43,880.0,902.23,5915721.125578391,,,,,,
2017-01-21,921.98,928.0,895.0,895.65,5373760.990554909,,,,,,
2017-01-22,922.33,937.74,886.76,922.0,6566288.860952884,,,,,,
2017-01-23,917.27,927.57,913.21,923.81,3234650.231264955,,,,,,
2017-01-24,885.47,923.0,881.48,909.13,8497003.397699634,,,,,,
2017-01-25,893.43,904.01,884.5,885.47,4725942.378078207,,,,,,
2017-01-26,914.83,919.49,892.86,893.43,4688154.508262675,,,,,,
2017-01-27,918.02,924.88,908.01,914.96,4433882.884482725,,,,,,
2017-01-28,918.6,920.99,913.08,918.21,1078818.6264300458,,,,,,
2017-01-29,912.04,919.99,910.45,918.78,1234846.437960395,,,,,,
2017-01-30,920.0,923.0,910.0,912.01,2864811.682838595,,,,,,
2017-01-31,964.08,970.0,917.5,919.75,9025348.215038251,,,,,,
2017-02-01,983.67,986.96,962.0,963.99,6750109.57497359,,,,,,
2017-02-02,1009.17,1011.65,973.12,983.79,8223035.797673747,,,,,,
2017-02-03,1016.99,1022.64,987.01,1009.18,11026744.08427029,,,,,,
2017-02-04,1034.14,1044.23,1004.0,1016.99,5883830.510339376,,,,,,
2017-02-05,1011.07,1034.6,1004.7,1033.17,4416516.621066172,,,,,,
2017-02-06,1023.51,1031.94,1005.1,1011.03,5189349.613871165,,,,,,
2017-02-07,1052.47,1056.25,1021.3,1024.26,5605781.060966867,,,,,,
2017-02-08,1050.4,1070.0,1025.0,1051.05,10074810.270129925,,,,,,
2017-02-09,985.57,1074.69,913.73,1051.73,25066746.43730571,,,,,,
2017-02-10,997.59,1010.68,950.0,986.99,10489833.976707442,,,,,,
2017-02-11,1012.4,1020.0,987.62,995.94,4505686.319880542,,,,,,
2017-02-12,1000.73,1011.97,991.98,1011.0,2689742.014728483,,,,,,
2017-02-13,1000.79,1007.89,975.1,1000.73,4522438.197174616,,,,,,
2017-02-14,1008.88,1019.0,987.97,1000.1,6805943.355406329,,,,,,
2017-02-15,1011.3,1013.8,1000.97,1009.29,3123921.377479928,,,,,,
2017-02-16,1032.91,1043.21,1010.75,1011.24,6168666.096506515,,,,,,
2017-02-17,1054.57,1064.99,1031.98,1032.7,6386087.004839037,,,,,,
2017-02-18,1056.4,1068.99,1046.14,1055.76,4746727.110129396,,,,,,
2017-02-19,1051.8,1061.9,1039.07,1056.4,2388841.6674306644,,,,,,
2017-02-20,1083.39,1089.99,1044.39,1051.8,3904518.6717723706,,,,,,
2017-02-21,1124.62,1126.86,1077.0,1083.99,9273966.910469208,,,,,,
2017-02-22,1130.02,1143.0,1098.16,1124.62,13142836.290754424,,,,,,
2017-02-23,1179.16,1193.92,1120.73,1130.02,13552839.592193073,,,,,,
2017-02-24,1180.32,1220.0,1091.1,1187.33,23025694.177224256,,,,,,
2017-02-25,1151.79,1184.73,1127.0,1180.0,7224910.915943928,,,,,,
2017-02-26,1179.92,1184.97,1133.0,1152.2,4127437.021177706,,,,,,
2017-02-27,1194.5,1197.99,1169.0,1180.99,5511160.508269478,,,,,,
2017-02-28,1191.16,1209.99,1176.27,1194.88,9016188.988220444,,,,,,
2017-03-01,1227.5,1231.0,1188.3,1191.2,7277141.547473066,,,,,,
2017-03-02,1257.49,1283.25,1215.0,1228.6,9678756.367484652,,,,,,
2017-03-03,1285.33,1298.0,1255.0,1257.6,9615671.62491876,,,,,,
2017-03-04,1262.11,1289.55,1230.0,1285.33,6237778.993081029,,,,,,
2017-03-05,1269.98,1275.0,1240.0,1259.02,3808489.238151178,,,,,,
2017-03-06,1278.49,1285.0,1251.0,1269.98,5418524.439622839,,,,,,
2017-03-07,1233.05,1281.62,1175.97,1278.02,17884512.202300295,,,,,,
2017-03-08,1152.35,1245.49,1145.5,1233.07,15908840.83198668,,,,,,
2017-03-09,1190.92,1208.0,1135.01,1152.24,9019963.926305994,,,,,,
2017-03-10,1116.97,1350.0,975.0,1190.97,38800924.8776948,,,,,,
2017-03-11,1177.0,1198.0,1106.51,1116.25,8526429.886711815,,,,,,
2017-03-12,1226.62,1241.85,1170.9,1176.58,6999274.561616866,,,,,,
2017-03-13,1242.09,1249.02,1215.43,1226.42,6964717.91240351,,,,,,
2017-03-14,1245.74,1260.0,1226.5,1241.35,7156718.591313439,,,,,,
2017-03-15,1256.05,1260.0,1238.32,1248.5,4920205.705849632,,,,,,
2017-03-16,1174.94,1258.96,1130.0,1258.71,18269884.427108243,,,,,,
2017-03-17,1071.02,1173.23,1063.0,1172.42,18716502.375315256,,,,,,
2017-03-18,967.26,1099.0,944.36,1071.99,21553058.781762578,,,,,,
2017-03-19,1016.16,1063.7,969.4,969.4,12337533.408741688,,,,,,
2017-03-20,1035.96,1053.0,1010.01,1012.88,7766622.947688328,,,,,,
2017-03-21,1114.3,1117.9,1034.92,1034.92,12069544.601767857,,,,,,
2017-03-22,1032.4,1114.39,988.0,1112.83,15063182.175141873,,,,,,
2017-03-23,1027.85,1054.4,1010.69,1037.58,6135020.062803348,,,,,,
2017-03-24,935.6,1032.0,920.0,1028.55,15704993.508034194,,,,,,
2017-03-25,956.02,963.36,891.33,924.81,12469315.014941571,,,,,,
2017-03-26,958.76,997.0,937.52,961.23,8743839.72944225,,,,,,
2017-03-27,1039.76,1043.0,952.95,959.08,8754557.567630732,,,,,,
2017-03-28,1043.83,1068.26,1014.9,1038.23,9539496.42682061,,,,,,
2017-03-29,1034.79,1059.43,1008.16,1042.82,9677930.357457848,,,,,,
2017-03-30,1033.74,1050.17,1017.14,1035.59,8924623.214227336,,,,,,
2017-03-31,1071.89,1081.0,1031.43,1033.7,12716282.896763682,,,,,,
2017-04-01,1084.02,1097.0,1061.64,1070.31,5617134.445506488,,,,,,
2017-04-02,1077.27,1100.0,1066.49,1083.4,8274810.41367716,,,,,,
2017-04-03,1146.23,1152.0,1076.19,1077.88,12487836.675215188,,,,,,
2017-04-04,1142.4,1162.93,1118.85,1146.42,8472359.09611559,,,,,,
2017-04-05,1134.91,1145.0,1111.0,1143.0,6300599.08376727,,,,,,
2017-04-06,1190.87,1201.37,1134.36,1134.82,10690485.503378004,,,,,,
2017-04-07,1190.66,1202.0,1176.0,1186.04,6486692.562974069,,,,,,
2017-04-08,1184.03,1197.3,1166.66,1190.66,3224763.867257981,,,,,,
2017-04-09,1206.2,1216.87,1173.98,1184.03,5765918.450061364,,,,,,
2017-04-10,1209.99,1219.71,1195.0,1206.37,4416993.02536995,,,,,,
2017-04-11,1218.94,1229.0,1198.02,1209.99,4230281.831315485,,,,,,
2017-04-12,1212.17,1224.57,1208.0,1219.13,4225237.299519555,,,,,,
2017-04-13,1172.91,1219.45,1141.0,1212.16,8411589.956690576,,,,,,
2017-04-14,1170.34,1193.0,1142.0,1173.39,10478697.762938095,,,,,,
2017-04-15,1173.45,1192.5,1165.0,1169.53,2128305.100777773,,,,,,
2017-04-16,1161.52,1179.3,1150.0,1172.27,3094742.5039822776,,,,,,
2017-04-17,1177.41,1192.5,1161.0,1171.0,4212369.822402512,,,,,,
2017-04-18,1202.58,1210.0,1175.95,1177.41,6636815.070300778,,,,,,
2017-04-19,1203.98,1209.99,1190.0,1202.59,7251339.837783998,,,,,,
2017-04-20,1233.36,1243.88,1201.66,1203.98,7302798.470648137,,,,,,
2017-04-21,1243.61,1252.32,1231.65,1235.0,6238078.488782242,,,,,,
2017-04-22,1233.2,1247.15,1199.0,1243.6,5126997.960532148,,,,,,
2017-04-23,1241.99,1248.99,1223.42,1231.84,3218854.5886253896,,,,,,
2017-04-24,1253.58,1254.0,1234.0,1241.99,3788868.114555634,,,,,,
2017-04-25,1270.44,1280.0,1251.07,1253.58,6651615.746218164,,,,,,
2017-04-26,1287.44,1330.0,1265.0,1270.37,11257731.711979955,,,,,,
2017-04-27,1331.19,1342.02,1285.0,1287.92,8813183.259511502,,,,,,
2017-04-28,1330.97,1347.02,1299.0,1331.53,10884311.982216548,,,,,,
2017-04-29,1333.0,1342.8,1316.0,1333.93,5226843.068989418,,,,,,
2017-04-30,1350.21,1356.0,1315.68,1336.77,4719447.060736718,,,,,,
2017-05-01,1390.85,1425.0,1341.22,1354.8,11923006.562108375,,,,,,
2017-05-02,1447.57,1481.73,1388.0,1392.03,12831256.232523214,,,,,,
2017-05-03,1503.22,1516.04,1431.02,1448.17,16381526.97806931,,,,,,
2017-05-04,1537.23,1623.01,1444.94,1504.98,30115589.169541124,,,,,,
2017-05-05,1514.9,1609.0,1495.0,1537.4,24261539.11441344,,,,,,
2017-05-06,1558.02,1578.97,1505.0,1514.9,12178798.784089863,,,,,,
2017-05-07,1554.01,1565.0,1525.0,1554.04,11808438.958524494,,,,,,
2017-05-08,1649.54,1653.97,1554.38,1560.28,30654963.81279848,,,,,,
2017-05-09,1717.34,1760.4,1616.05,1649.8,28744654.01651752,,,,,,
2017-05-10,1774.52,1794.21,1682.0,1720.37,19699665.304843187,,,,,,
2017-05-11,1828.45,1892.0,1745.01,1772.58,26993608.63565804,,,,,,
2017-05-12,1691.55,1832.0,1650.0,1830.84,29856730.195689544,,,,,,
2017-05-13,1776.89,1785.82,1601.46,1688.16,17800230.40767524,,,,,,
2017-05-14,1783.39,1815.0,1753.0,1776.8,8584726.155646136,,,,,,
2017-05-15,1707.6,1784.0,1682.56,1782.3,22954159.57497401,,,,,,
2017-05-16,1707.25,1750.0,1641.22,1712.06,28258296.28251225,,,,,,
2017-05-17,1782.3,1840.42,1670.01,1700.79,31599623.25867273,,,,,,
2017-05-18,1878.99,1881.8,1766.33,1787.8,21761228.77058376,,,,,,
2017-05-19,1959.21,1969.99,1874.99,1879.0,27221149.6590366,,,,,,
2017-05-20,2017.0,2021.0,1914.0,1959.09,24249223.08269568,,,,,,
2017-05-21,2017.55,2063.11,1961.52,2020.07,13644681.983772373,,,,,,
2017-05-22,2099.97,2230.34,2001.0,2017.55,34516278.92840811,,,,,,
2017-05-23,2265.92,2275.0,2088.45,2099.95,31140920.95885634,,,,,,
2017-05-24,2417.36,2481.75,2264.64,2264.64,52781009.28354366,,,,,,
2017-05-25,2279.79,2760.1,2221.0,2421.45,83025828.78906836,,,,,,
2017-05-26,2280.18,2599.12,2060.0,2298.81,66459806.49695624,,,,,,
2017-05-27,2039.36,2339.94,1850.0,2275.42,54112605.87696674,,,,,,
2017-05-28,2176.29,2313.96,2041.48,2045.07,33656842.13025903,,,,,,
2017-05-29,2290.18,2350.0,2110.0,2178.79,27371131.03346549,,,,,,
2017-05-30,2195.82,2339.08,2160.0,2287.76,31433705.00928933,,,,,,
2017-05-31,2302.13,2334.0,2154.28,2208.33,36865064.23427324,,,,,,
2017-06-01,2409.91,2456.39,2296.81,2303.76,43990581.15494295,,,,,,
2017-06-02,2488.94,2489.0,2370.03,2405.78,30186192.62490457,,,,,,
2017-06-03,2535.11,2584.34,2445.0,2488.99,27298834.28126883,,,,,,
2017-06-04,2529.71,2569.0,2460.0,2538.28,22266004.81595814,,,,,,
2017-06-05,2698.01,2699.35,2525.28,2532.31,31923682.864368614,,,,,,
2017-06-06,2878.29,2933.0,2689.4,2699.12,75265792.05628832,,,,,,
2017-06-07,2691.78,2893.28,2612.5,2880.87,47197231.66711345,,,,,,
2017-06-08,2806.01,2815.0,2613.13,2687.49,36432177.77664686,,,,,,
2017-06-09,2823.67,2868.23,2780.43,2806.0,22702263.10403771,,,,,,
2017-06-10,2898.99,2912.98,2800.0,2820.01,27433917.202193946,,,,,,
2017-06-11,2955.51,2967.46,2861.53,2898.62,19890423.76045285,,,,,,
2017-06-12,2665.88,2980.0,2480.03,2954.21,85777804.53440444,,,,,,
2017-06-13,2704.5,2783.62,2638.62,2659.83,44217562.10172919,,,,,,
2017-06-14,2456.54,2801.0,2320.0,2706.0,76118387.43967465,,,,,,
2017-06-15,2424.92,2516.2,2120.0,2451.33,84956257.3933399,,,,,,
2017-06-16,2484.68,2540.0,2307.66,2420.24,33834561.106297106,,,,,,
2017-06-17,2638.0,2674.4,2420.53,2477.46,28566938.07982778,,,,,,
2017-06-18,2512.82,2665.0,2460.62,2629.99,24024038.95997193,,,,,,
2017-06-19,2595.06,2598.0,2480.96,2522.0,27012012.11994332,,,,,,
2017-06-20,2740.0,2783.0,2581.0,2600.0,42540352.07597769,,,,,,
2017-06-21,2657.01,2789.0,2611.0,2728.86,42303730.87689787,,,,,,
2017-06-22,2713.48,2740.0,2594.61,2658.66,28957718.29068309,,,,,,
2017-06-23,2683.42,2745.0,2657.46,2712.0,22348530.949751347,,,,,,
2017-06-24,2557.66,2724.96,2512.13,2685.43,34942043.022742964,,,,,,
2017-06-25,2502.03,2635.72,2432.0,2557.0,26248023.324217293,,,,,,
2017-06-26,2415.0,2550.03,2315.01,2507.72,54092346.2768623,,,,,,
2017-06-27,2564.0,2565.0,2291.0,2420.94,45782575.81603384,,,,,,
2017-06-28,2559.9,2593.0,2468.01,2564.02,31102646.09740661,,,,,,
2017-06-29,2544.68,2594.78,2500.31,2550.99,20773916.966552395,,,,,,
2017-06-30,2458.51,2564.58,2451.0,2549.74,21952781.30473537,,,,,,
2017-07-01,2421.57,2517.11,2390.0,2467.29,21756289.61420524,,,,,,
2017-07-02,2512.47,2528.72,2374.34,2421.16,21389344.297813646,,,,,,
2017-07-03,2550.78,2595.0,2472.68,2510.83,29217427.74995962,,,,,,
2017-07-04,2596.23,2639.47,2540.07,2548.57,25106499.668947905,,,,,,
2017-07-05,2607.0,2623.0,2530.1,2597.52,27953283.835980102,,,,,,
2017-07-06,2599.99,2614.0,2522.0,2600.0,21528954.34102668,,,,,,
2017-07-07,2501.46,2605.0,2475.0,2604.65,23871609.94654097,,,,,,
2017-07-08,2549.91,2555.0,2462.0,2502.99,13585707.505766137,,,,,,
2017-07-09,2502.28,2564.65,2500.5,2549.97,11362777.284692528,,,,,,
2017-07-10,2326.24,2527.88,2261.85,2504.0,41643813.40413689,,,,,,
2017-07-11,2306.06,2399.0,2242.62,2332.37,41153845.47219268,,,,,,
2017-07-12,2384.61,2408.84,2239.54,2310.98,30260890.78959941,,,,,,
2017-07-13,2339.99,2425.16,2312.93,2385.02,19959979.97373028,,,,,,
2017-07-14,2213.37,2357.84,2140.0,2340.91,28329270.900505483,,,,,,
2017-07-15,1970.51,2219.99,1967.65,2213.0,40933955.17023771,,,,,,
2017-07-16,1920.0,2044.44,1830.0,1970.0,49017892.99602504,,,,,,
2017-07-17,2224.0,2229.97,1910.57,1917.63,55062965.12396932,,,,,,
2017-07-18,2308.75,2392.0,2164.0,2224.54,57675486.64183732,,,,,,
2017-07-19,2265.21,2402.5,2223.0,2308.09,39256668.4177523,,,,,,
2017-07-20,2874.2,2938.0,2265.51,2269.9,80388585.79656495,,,,,,
2017-07-21,2671.54,2887.45,2611.39,2875.06,56456097.015391216,,,,,,
2017-07-22,2831.0,2882.0,2644.59,2667.01,35807314.858699135,,,,,,
2017-07-23,2749.02,2855.0,2640.0,2832.32,30309041.77379112,,,,,,
2017-07-24,2759.98,2800.0,2701.0,2755.98,27562636.032398764,,,,,,
2017-07-25,2564.82,2775.79,2450.0,2754.55,55119744.58596138,,,,,,
2017-07-26,2524.89,2608.96,2400.0,2561.04,44110782.620422445,,,,,,
2017-07-27,2660.74,2695.0,2509.63,2531.1,30470881.9249168,,,,,,
2017-07-28,2785.38,2825.0,2655.82,2668.11,38674831.60744748,,,,,,
2017-07-29,2671.66,2785.65,2631.78,2785.19,29162093.8927272,,,,,,
2017-07-30,2742.76,2774.45,2569.69,2704.0,25850256.96040809,,,,,,
2017-07-31,2854.78,2889.99,2680.01,2745.24,30775400.32235596,,,,,,
2017-08-01,2731.0,2929.17,2615.0,2853.36,34319180.323908776,,,,,,
2017-08-02,2702.77,2760.0,2650.0,2732.0,25701752.871771883,,,,,,
2017-08-03,2790.0,2807.44,2698.83,2701.48,21942378.667501982,,,,,,
2017-08-04,2854.97,2877.52,2765.91,2790.02,21649647.01328432,,,,,,
2017-08-05,3260.0,3339.66,2848.32,2851.01,53864970.99245302,,,,,,
2017-08-06,3215.11,3296.51,3146.1,3263.62,19415356.18561585,,,,,,
2017-08-07,3387.54,3430.0,3186.0,3216.78,40234982.214820005,,,,,,
2017-08-08,3409.01,3490.0,3300.0,3387.53,54047554.11907721,,,,,,
2017-08-09,3342.99,3423.1,3178.72,3414.99,47355948.73813342,,,,,,
2017-08-10,3419.04,3448.0,3311.17,3342.99,30662056.576518904,,,,,,
2017-08-11,3652.04,3705.0,3390.67,3410.0,41893016.90826935,,,,,,
2017-08-12,3855.1,3934.0,3586.95,3638.02,46808256.167206496,,,,,,
2017-08-13,4040.0,4190.0,3841.71,3855.01,63678321.19247599,,,,,,
2017-08-14,4327.73,4329.43,3964.96,4070.39,59839433.8064571,,,,,,
2017-08-15,4152.0,4400.0,3800.0,4315.44,104670300.00736424,,,,,,
2017-08-16,4375.59,4379.78,3926.06,4156.75,54201451.11392368,,,,,,
2017-08-17,4265.13,4480.0,4167.21,4378.96,63221690.21138223,,,,,,
2017-08-18,4100.0,4368.0,3964.96,4265.48,73243722.71898398,,,,,,
2017-08-19,4093.34,4188.0,3900.0,4100.0,60622180.53812361,,,,,,
2017-08-20,4060.0,4125.95,4000.0,4101.99,25297075.43949622,,,,,,
2017-08-21,3997.32,4080.0,3949.78,4050.38,39205294.96854992,,,,,,
2017-08-22,4089.95,4139.31,3600.0,3978.91,91607936.47028452,,,,,,
2017-08-23,4120.98,4248.97,4051.94,4085.0,62131225.74471115,,,,,,
2017-08-24,4302.95,4350.0,4082.57,4122.0,45188812.05087737,,,,,,
2017-08-25,4356.01,4449.98,4270.0,4300.52,42278545.58782908,,,,,,
2017-08-26,4333.38,4369.78,4232.43,4355.83,28232267.488755032,,,,,,
2017-08-27,4332.86,4393.3,4290.32,4335.8,17265128.919350695,,,,,,
2017-08-28,4379.99,4399.72,4169.01,4326.26,37082544.51114851,,,,,,
2017-08-29,4578.82,4649.78,4336.26,4379.99,53506929.23288729,,,,,,
2017-08-30,4573.85,4642.22,4479.0,4578.82,39802266.79965532,,,,,,
2017-08-31,4734.08,4765.21,4566.66,4566.66,41730807.860144064,,,,,,
2017-09-01,4921.0,4935.0,4671.09,4736.14,73893290.99122925,,,,,,
2017-09-02,4599.9,4979.9,4488.5,4921.87,79485227.49399522,,,,,,
2017-09-03,4606.73,4700.0,4385.0,4599.9,51111913.87249231,,,,,,
2017-09-04,4275.58,4613.97,4058.5,4608.29,107820477.87845989,,,,,,
2017-09-05,4390.23,4474.88,4001.93,4264.98,88452547.03944387,,,,,,
2017-09-06,4605.8,4649.23,4356.42,4397.04,75315373.1638547,,,,,,
2017-09-07,4614.99,4674.34,4475.0,4591.43,42441050.809383005,,,,,,
2017-09-08,4308.5,4679.97,4125.99,4607.16,103567715.03254838,,,,,,
2017-09-09,4308.72,4379.78,4164.0,4294.45,42694105.82422728,,,,,,
2017-09-10,4226.2,4322.44,4010.0,4317.13,61045567.37899716,,,,,,
2017-09-11,4207.31,4353.49,4092.4,4226.12,47148244.61005771,,,,,,
2017-09-12,4170.56,4377.65,4080.0,4207.23,56267564.95284312,,,,,,
2017-09-13,3865.31,4179.14,3720.01,4173.9,115516497.42430224,,,,,,
2017-09-14,3244.5,3921.74,3210.0,3843.34,146117940.12424847,,,,,,
2017-09-15,3696.31,3820.0,2972.01,3231.7,203201893.20372936,,,,,,
2017-09-16,3678.94,3872.9,3500.0,3688.82,84913031.536313,,,,,,
2017-09-17,3660.61,3772.52,3463.0,3666.01,42666587.56517909,,,,,,
2017-09-18,4098.99,4122.7,3659.42,3665.0,67996861.4901148,,,,,,
2017-09-19,3895.57,4119.7,3848.35,4102.99,60399822.790743165,,,,,,
2017-09-20,3863.01,4050.0,3820.56,3884.02,45854372.78118481,,,,,,
2017-09-21,3621.08,3914.0,3573.0,3874.98,67009034.74110122,,,,,,
2017-09-22,3607.24,3761.84,3514.0,3616.77,54281678.692634,,,,,,
2017-09-23,3776.9,3810.25,3552.0,3602.89,37616287.98563848,,,,,,
2017-09-24,3664.24,3783.25,3615.0,3783.22,24018303.422652736,,,,,,
2017-09-25,3917.52,3968.59,3658.39,3658.4,57639007.479726925,,,,,,
2017-09-26,3888.03,3970.0,3850.61,3923.0,39218073.73622856,,,,,,
2017-09-27,4199.88,4226.73,3870.0,3880.0,61259655.99561797,,,,,,
2017-09-28,4184.84,4270.01,4123.5,4202.37,40312670.57905354,,,,,,
2017-09-29,4159.26,4227.62,4022.02,4180.3,50340083.94479097,,,,,,
2017-09-30,4326.09,4349.0,4154.28,4158.75,32067224.710706618,,,,,,
2017-10-01,4377.22,4377.22,4216.0,4322.16,30880241.69445383,,,,,,
2017-10-02,4388.24,4453.0,4352.0,4377.83,36293133.20096895,,,,,,
2017-10-03,4311.4,4425.0,4218.0,4377.95,53559286.97336543,,,,,,
2017-10-04,4219.07,4343.0,4170.07,4312.24,36072297.5406204,,,,,,
2017-10-05,4313.0,4358.97,4137.96,4219.74,35915082.259046465,,,,,,
2017-10-06,4362.97,4425.0,4278.4,4309.15,36557347.81151938,,,,,,
2017-10-07,4421.73,4463.0,4312.82,4356.12,20322999.7396362,,,,,,
2017-10-08,4602.48,4612.0,4404.5,4430.95,45497645.258073874,,,,,,
2017-10-09,4764.69,4865.0,4541.0,4597.98,60478451.51360184,,,,,,
2017-10-10,4742.23,4909.97,4700.0,4770.99,56094812.79119395,,,,,,
2017-10-11,4820.0,4869.78,4700.0,4749.22,47261278.26285102,,,,,,
2017-10-12,5444.0,5445.0,4793.66,4823.94,102571429.22555684,,,,,,
2017-10-13,5642.12,5846.43,5380.0,5434.79,155836044.70667312,,,,,,
2017-10-14,5795.01,5817.34,5558.26,5652.53,47789830.10031749,,,,,,
2017-10-15,5685.96,5830.0,5415.0,5806.92,64468914.15957333,,,,,,
2017-10-16,5752.2,5807.11,5548.0,5688.17,51508137.06259856,,,,,,
2017-10-17,5597.31,5776.31,5506.78,5754.3,51031750.69938356,,,,,,
2017-10-18,5582.07,5617.75,5101.36,5594.84,101672174.93331955,,,,,,
2017-10-19,5700.39,5735.14,5512.06,5569.27,56086731.15279571,,,,,,
2017-10-20,5984.78,6074.0,5589.8,5700.0,89033933.5562095,,,,,,
2017-10-21,6008.77,6180.0,5871.0,5980.0,92920617.79227604,,,,,,
2017-10-22,5971.9,6071.07,5700.0,6012.86,71906540.25034505,,,,,,
2017-10-23,5873.28,6045.34,5617.75,5967.37,89529298.3780065,,,,,,
2017-10-24,5523.15,5870.0,5453.01,5869.82,97586108.04160991,,,,,,
2017-10-25,5739.41,5748.0,5366.0,5518.4,68382553.74345146,,,,,,
2017-10-26,5889.86,5988.0,5683.0,5741.19,69085559.52981697,,,,,,
2017-10-27,5771.89,5994.06,5674.06,5882.87,69059993.89041854,,,,,,
2017-10-28,5730.69,5875.66,5646.18,5779.54,33998229.28088443,,,,,,
2017-10-29,6135.0,6316.85,5683.0,5731.7,96383034.7874489,,,,,,
2017-10-30,6119.8,6229.77,6024.03,6130.0,58641140.80643949,,,,,,
2017-10-31,6445.57,6449.78,6072.81,6135.74,84371849.90827964,,,,,,
2017-11-01,6740.0,6756.36,6340.01,6413.62,84905554.40986511,,,,,,
2017-11-02,7028.53,7354.1,6700.0,6750.1,184974517.9879428,,,,,,
2017-11-03,7179.54,7500.0,6925.22,7030.01,116044108.8241132,,,,,,
2017-11-04,7360.0,7569.9,6994.0,7150.0,66746431.104662046,,,,,,
2017-11-05,7385.95,7590.0,7275.16,7358.31,68648957.48823789,,,,,,
2017-11-06,6949.58,7421.39,6922.07,7364.91,138591944.57072344,,,,,,
2017-11-07,7127.57,7244.69,6945.0,6968.4,82645535.12299481,,,,,,
2017-11-08,7467.9,7888.0,7080.01,7116.58,183500986.07463184,,,,,,
2017-11-09,7152.28,7490.0,7061.2,7465.96,106987931.44818547,,,,,,
2017-11-10,6597.28,7343.18,6429.44,7147.27,181280686.3592532,,,,,,
2017-11-11,6355.03,6820.0,6218.0,6586.13,96815699.84374472,,,,,,
2017-11-12,5886.18,6488.88,5555.55,6330.29,225638748.82042584,,,,,,
2017-11-13,6535.18,6775.75,5846.0,5853.64,173966826.6072293,,,,,,
2017-11-14,6608.85,6750.0,6466.88,6543.1,79507704.94625847,,,,,,
2017-11-15,7306.01,7350.0,6609.0,6612.7,119185893.5621414,,,,,,
2017-11-16,7842.58,7976.79,7120.85,7307.99,145771831.3958939,,,,,,
2017-11-17,7675.0,7997.0,7528.5,7859.78,138118716.40387315,,,,,,
2017-11-18,7775.88,7858.0,7431.54,7685.42,56274036.97092504,,,,,,
2017-11-19,8016.94,8087.35,7675.0,7774.32,65337005.61907509,,,,,,
2017-11-20,8219.0,8269.99,7900.0,8036.3,66364185.31480628,,,,,,
2017-11-21,8097.31,8354.46,7770.0,8213.0,110796991.9174479,,,,,,
2017-11-22,8214.69,8310.89,8045.76,8079.77,66223082.948504776,,,,,,
2017-11-23,7999.47,8279.76,7980.0,8228.85,63659931.78148848,,,,,,
2017-11-24,8199.19,8340.0,7876.0,8000.01,75762440.97230728,,,,,,
2017-11-25,8718.0,8737.0,8114.78,8194.15,97622764.7501739,,,,,,
2017-11-26,9267.48,9366.6,8538.2,8700.74,108526863.72620824,,,,,,
2017-11-27,9708.93,9721.7,9267.0,9275.79,126476548.23016122,,,,,,
2017-11-28,9868.0,9968.0,9582.25,9709.0,110503296.80496392,,,,,,
2017-11-29,9790.02,11395.0,9250.0,9877.38,346940351.0207574,,,,,,
2017-11-30,9940.0,10618.29,9000.0,9820.87,247090643.9137305,,,,,,
2017-12-01,10850.9,10949.89,9370.11,9937.81,171885313.82373995,,,,,,
2017-12-02,10875.68,11200.0,10637.69,10840.35,101267201.9139515,,,,,,
2017-12-03,11247.09,11800.01,10513.16,10875.68,160145423.96850488,,,,,,
2017-12-04,11612.0,11613.07,10850.0,11184.51,154170772.48433578,,,,,,
2017-12-05,11689.78,11850.0,11384.25,11629.0,138422534.30680045,,,,,,
2017-12-06,13600.16,13700.0,11659.8,11659.81,250625242.2096277,,,,,,
2017-12-07,16608.01,16615.62,13085.9,13619.94,382730767.8444987,,,,,,
2017-12-08,15880.0,16666.66,13482.42,16565.01,389463895.6540644,,,,,,
2017-12-09,14600.0,15998.5,12701.05,15769.66,238968897.95953763,,,,,,
2017-12-10,14692.91,15385.0,13011.0,14555.97,263268672.60060105,,,,,,
2017-12-11,16399.32,17270.0,14677.19,14741.44,270234114.09047544,,,,,,
2017-12-12,16675.76,17428.42,15967.29,16400.0,227882946.5183704,,,,,,
2017-12-13,16249.26,17107.03,15497.69,16675.77,281654639.4095076,,,,,,
2017-12-14,16389.93,16830.45,15852.69,16234.25,219302743.12894616,,,,,,
2017-12-15,17477.99,17934.0,16337.19,16390.01,329367866.3187205,,,,,,
2017-12-16,19196.99,19377.0,17269.99,17488.99,179924392.8776948,,,,,,
2017-12-17,18935.01,19666.0,18465.0,19160.79,186343100.30525383,,,,,,
2017-12-18,18930.01,19220.0,17835.2,18948.51,273550643.1208501,,,,,,
2017-12-19,17663.86,19160.79,16831.26,18900.0,387230642.29120654,,,,,,
2017-12-20,16467.0,17950.0,15343.04,17650.0,521458543.24134827,,,,,,
2017-12-21,15599.32,17281.17,15005.0,16484.07,326751682.0535253,,,,,,
2017-12-22,13976.6,15795.61,11159.93,15716.96,772293953.7053511,,,,,,
2017-12-23,14617.01,15756.22,13496.48,13999.98,322111523.4737575,,,,,,
2017-12-24,14153.0,14619.1,12488.0,14575.25,250495097.2564938,,,,,,
2017-12-25,13880.0,14650.0,13210.0,14187.56,161328084.58722976,,,,,,
2017-12-26,15729.99,16147.87,13746.95,13924.06,230992511.38498908,,,,,,
2017-12-27,15367.21,16480.52,14484.0,15685.7,241914565.70381093,,,,,,
2017-12-28,14475.01,15474.19,13500.0,15399.99,234382504.6755556,,,,,,
2017-12-29,14350.0,15111.0,13998.0,14497.0,195743655.68334067,,,,,,
2017-12-30,12639.88,14463.28,12050.0,14300.01,286114766.57671124,,,,,,
2017-12-31,13913.28,14296.06,12491.21,12596.13,154555556.9586758,,,,,,
2024-01-01,42280.234375,44175.4375,42214.9765625,44167.33203125,18426978443.0,,,,,,
2024-01-02,44187.140625,45899.70703125,44176.94921875,44957.96875,39335274536.0,,,,,,
2024-01-03,44961.6015625,45503.2421875,40813.53515625,42848.17578125,46342323118.0,,,,,,
2024-01-04,42855.81640625,44770.0234375,42675.17578125,44179.921875,30448091210.0,,,,,,
2024-01-05,44192.98046875,44353.28515625,42784.71875,44162.69140625,32336029347.0,,,,,,
2024-01-06,44178.953125,44227.6328125,43475.15625,43989.1953125,16092503468.0,,,,,,
2024-01-07,43998.46484375,44495.5703125,43662.23046875,43943.09765625,19330573863.0,,,,,,
2024-01-08,43948.70703125,47218.0,43244.08203125,46970.50390625,42746192015.0,,,,,,
2024-01-09,46987.640625,47893.69921875,45244.71484375,46139.73046875,39821290992.0,,,,,,
2024-01-10,46121.5390625,47647.22265625,44483.15234375,46627.77734375,50114613298.0,,,,,,
2024-01-11,46656.07421875,48969.37109375,45678.64453125,46368.5859375,45833734549.0,,,,,,
2024-01-12,46354.79296875,46498.13671875,41903.76953125,42853.16796875,43332698900.0,,,,,,
2024-01-13,42799.4453125,43234.66015625,42464.14453125,42842.3828125,20601860469.0,,,,,,
2024-01-14,42842.26171875,43065.59765625,41724.61328125,41796.26953125,17521429522.0,,,,,,
2024-01-15,41715.06640625,43319.72265625,41705.41796875,42511.96875,22320220558.0,,,,,,
2024-01-16,42499.3359375,43566.2734375,42085.99609375,43154.9453125,24062872740.0,,,,,,
2024-01-17,43132.1015625,43189.890625,42189.30859375,42742.65234375,20851232595.0,,,,,,
2024-01-18,42742.3125,42876.34765625,40631.171875,41262.05859375,25218357242.0,,,,,,
2024-01-19,41278.4609375,42134.16015625,40297.45703125,41618.40625,25752407154.0,,,,,,
2024-01-20,41624.58984375,41877.89453125,41446.82421875,41665.5859375,11586690904.0,,,,,,
2024-01-21,41671.48828125,41855.3671875,41497.0078125,41545.78515625,9344043642.0,,,,,,
2024-01-22,41553.65234375,41651.20703125,39450.1171875,39507.3671875,31338708143.0,,,,,,
2024-01-23,39518.71484375,40127.3515625,38521.89453125,39845.55078125,29244553045.0,,,,,,
2024-01-24,39877.59375,40483.78515625,39508.796875,40077.07421875,22359526178.0,,,,,,
2024-01-25,40075.55078125,40254.48046875,39545.6640625,39933.80859375,18491782013.0,,,,,,
2024-01-26,39936.81640625,42209.38671875,39825.69140625,41816.87109375,25598119893.0,,,,,,
2024-01-27,41815.625,42195.6328125,41431.28125,42120.0546875,11422941934.0,,,,,,
2024-01-28,42126.125,42797.17578125,41696.91015625,42035.59375,16858971687.0,,,,,,
2024-01-29,42030.9140625,43305.8671875,41818.33203125,43288.24609375,20668476578.0,,,,,,
2024-01-30,43300.2265625,43838.9453125,42711.37109375,42952.609375,23842814518.0,,,,,,
2024-01-31,42946.25,43717.40625,42298.9453125,42582.60546875,24673628793.0,,,,,,
2024-02-01,42569.76171875,43243.16796875,41879.19140625,43075.7734375,21423953779.0,,,,,,
2024-02-02,43077.640625,43422.48828125,42584.3359375,43185.859375,18603843039.0,,,,,,
2024-02-03,43184.96484375,43359.94140625,42890.80859375,42992.25,11169245236.0,,,,,,
2024-02-04,42994.94140625,43097.64453125,42374.83203125,42583.58203125,14802225490.0,,,,,,
2024-02-05,42577.62109375,43494.25,42264.81640625,42658.66796875,18715487317.0,,,,,,
2024-02-06,42657.390625,43344.1484375,42529.01953125,43084.671875,16798476726.0,,,,,,
2024-02-07,43090.01953125,44341.94921875,42775.95703125,44318.22265625,21126587775.0,,,,,,
2024-02-08,44332.125,45575.83984375,44332.125,45301.56640625,26154524080.0,,,,,,
2024-02-09,45297.3828125,48152.49609375,45260.82421875,47147.19921875,39316770844.0,,,,,,
2024-02-10,47153.52734375,48146.171875,46905.3203125,47771.27734375,16398681570.0,,,,,,
2024-02-11,47768.96875,48535.9375,47617.40625,48293.91796875,19315867136.0,,,,,,
2024-02-12,48296.38671875,50280.4765625,47745.76171875,49958.22265625,34511985805.0,,,,,,
2024-02-13,49941.359375,50358.390625,48406.49609375,49742.44140625,35593051468.0,,,,,,
2024-02-14,49733.4453125,52021.37109375,49296.83203125,51826.6953125,39105608050.0,,,,,,
2024-02-15,51836.78515625,52820.06640625,51371.62890625,51938.5546875,38564360533.0,,,,,,
2024-02-16,51937.7265625,52537.96875,51641.3671875,52160.203125,28180567298.0,,,,,,
2024-02-17,52161.67578125,52191.9140625,50669.66796875,51662.99609375,20009091006.0,,,,,,
2024-02-18,51661.96875,52356.96484375,51233.70703125,52122.546875,17595377311.0,,,,,,
2024-02-19,52134.8125,52483.32421875,51711.8203125,51779.14453125,21362184346.0,,,,,,
2024-02-20,51777.7265625,52945.05078125,50792.3125,52284.875,33353758256.0,,,,,,
2024-02-21,52273.53515625,52368.81640625,50671.7578125,51839.1796875,28624907020.0,,,,,,
2024-02-22,51854.64453125,52009.61328125,50926.29296875,51304.97265625,25413900611.0,,,,,,
2024-02-23,51283.90625,51497.93359375,50561.77734375,50731.94921875,21427078270.0,,,,,,
2024-02-24,50736.37109375,51684.1953125,50585.4453125,51571.1015625,15174077879.0,,,,,,
2024-02-25,51565.21484375,51950.02734375,51306.171875,51733.23828125,15413239245.0,,,,,,
2024-02-26,51730.5390625,54938.17578125,50931.03125,54522.40234375,34074411896.0,,,,,,
2024-02-27,54519.36328125,57537.83984375,54484.19921875,57085.37109375,49756832031.0,,,,,,
2024-02-28,57071.09765625,63913.1328125,56738.42578125,62504.7890625,83239156760.0,,,,,,
2024-02-29,62499.18359375,63585.64453125,60498.73046875,61198.3828125,65496611844.0,,,,,,
2024-03-01,61168.0625,63155.1015625,60802.52734375,62440.6328125,40186368423.0,,,,,,
2024-03-02,62431.65234375,62458.69921875,61657.2890625,62029.84765625,23888473685.0,,,,,,
2024-03-03,62031.578125,63230.2109375,61435.0234375,63167.37109375,26253811450.0,,,,,,
2024-03-04,63137.00390625,68537.03125,62386.51953125,68330.4140625,70670471105.0,,,,,,
2024-03-05,68341.0546875,69170.625,59323.91015625,63801.19921875,102802940877.0,,,,,,
2024-03-06,63776.05078125,67637.9296875,62848.671875,66106.8046875,68750229073.0,,,,,,
2024-03-07,66099.7421875,68029.921875,65655.53125,66925.484375,46989543159.0,,,,,,
2024-03-08,66938.09375,70083.0546875,66230.453125,68300.09375,59202881172.0,,,,,,
2024-03-09,68299.2578125,68673.0546875,68053.125,68498.8828125,21609650379.0,,,,,,
2024-03-10,68500.2578125,70005.203125,68239.9765625,69019.7890625,35683977532.0,,,,,,
2024-03-11,69020.546875,72850.7109375,67194.8828125,72123.90625,65716656765.0,,,,,,
2024-03-12,72125.125,72825.65625,68728.8515625,71481.2890625,62554434520.0,,,,,,
2024-03-13,71482.1171875,73637.4765625,71334.09375,73083.5,48212536929.0,,,,,,
2024-03-14,73079.375,73750.0703125,68563.0234375,71396.59375,59594605698.0,,,,,,
2024-03-15,71387.875,72357.1328125,65630.6953125,69403.7734375,78320453976.0,,,,,,
2024-03-16,69392.484375,70046.2734375,64801.39453125,65315.1171875,46842198371.0,,,,,,
2024-03-17,65316.34375,68845.71875,64545.31640625,68390.625,44716864318.0,,,,,,
2024-03-18,68371.3046875,68897.1328125,66594.2265625,67548.59375,49261579492.0,,,,,,
2024-03-19,67556.1328125,68106.9296875,61536.1796875,61912.7734375,74215844794.0,,,,,,
2024-03-20,61930.15625,68115.2578125,60807.78515625,67913.671875,66792634382.0,,,,,,
2024-03-21,67911.5859375,68199.9921875,64580.91796875,65491.390625,44480350565.0,,,,,,
2024-03-22,65489.9296875,66623.75,62355.37109375,63778.76171875,41401116964.0,,,,,,
2024-03-23,63802.72265625,65976.3984375,63038.4921875,64062.203125,24738964812.0,,,,,,
2024-03-24,64070.75390625,67622.7578125,63825.8515625,67234.171875,27206630673.0,,,,,,
2024-03-25,67234.09375,71162.59375,66414.8359375,69958.8125,42700139523.0,,,,,,
2024-03-26,69931.328125,71535.7421875,69335.609375,69987.8359375,36010437368.0,,,,,,
2024-03-27,69991.8984375,71727.6875,68381.9296875,69455.34375,40827113309.0,,,,,,
2024-03-28,69452.7734375,71546.0234375,68895.5078125,70744.953125,34374900617.0,,,,,,
2024-03-29,70744.796875,70913.09375,69076.65625,69892.828125,25230851763.0,,,,,,
2024-03-30,69893.4453125,70355.4921875,69601.0625,69645.3046875,17130241883.0,,,,,,
2024-03-31,69647.78125,71377.78125,69624.8671875,71333.6484375,20050941373.0,,,,,,
2024-04-01,71333.484375,71342.09375,68110.6953125,69702.1484375,34873527352.0,,,,,,
2024-04-02,69705.0234375,69708.3828125,64586.59375,65446.97265625,50705240709.0,,,,,,
2024-04-03,65446.671875,66914.3203125,64559.8984375,65980.8125,34488018367.0,,,,,,
2024-04-04,65975.6953125,69291.2578125,65113.796875,68508.84375,34439527442.0,,,,,,
2024-04-05,68515.7578125,68725.7578125,66011.4765625,67837.640625,33748230056.0,,,,,,
2024-04-06,67840.5703125,69629.6015625,67491.71875,68896.109375,19967785809.0,,,,,,
2024-04-07,68897.109375,70284.4296875,68851.6328125,69362.5546875,21204930369.0,,,,,,
2024-04-08,69362.5546875,72715.359375,69064.2421875,71631.359375,37261432669.0,,,,,,
2024-04-09,71632.5,71742.5078125,68212.921875,69139.015625,36426900409.0,,,,,,
2024-04-10,69140.2421875,71093.4296875,67503.5625,70587.8828125,38318601774.0,,,,,,
2024-04-11,70575.734375,71256.234375,69571.8125,70060.609375,30153382941.0,,,,,,
2024-04-12,70061.3828125,71222.7421875,65254.8359375,67195.8671875,44129299406.0,,,,,,
2024-04-13,67188.375,67931.4296875,60919.10546875,63821.47265625,52869738185.0,,,,,,
2024-04-14,63836.23046875,65824.4296875,62205.8515625,65738.7265625,49084320047.0,,,,,,
2024-04-15,65739.6484375,66878.6484375,62332.0703125,63426.2109375,43595917654.0,,,,,,
2024-04-16,63419.296875,64355.66796875,61716.40234375,63811.86328125,42847528078.0,,,,,,
2024-04-17,63831.84765625,64486.36328125,59768.5859375,61276.69140625,41915247049.0,,,,,,
2024-04-18,61275.31640625,64125.6875,60833.48046875,63512.75390625,36006307335.0,,,,,,
2024-04-19,63510.75,65481.59765625,59651.390625,63843.5703125,49920425401.0,,,,,,
2024-04-20,63851.1015625,65442.45703125,63172.40234375,64994.44140625,23097485495.0,,,,,,
2024-04-21,64992.81640625,65723.2421875,64277.72265625,64926.64453125,20506644853.0,,,,,,
2024-04-22,64935.6328125,67233.9609375,64548.1796875,66837.6796875,28282686673.0,,,,,,
2024-04-23,66839.890625,67199.2421875,65864.8671875,66407.2734375,24310975583.0,,,,,,
2024-04-24,66408.71875,67075.3671875,63589.87109375,64276.8984375,30276655120.0,,,,,,
2024-04-25,64275.01953125,65275.20703125,62783.6328125,64481.70703125,32155786816.0,,,,,,
2024-04-26,64485.37109375,64789.65625,63322.3984375,63755.3203125,24139372950.0,,,,,,
2024-04-27,63750.98828125,63898.36328125,62424.71875,63419.140625,19530783039.0,,,,,,
2024-04-28,63423.515625,64321.484375,62793.59765625,63113.23046875,17334827993.0,,,,,,
2024-04-29,63106.36328125,64174.87890625,61795.45703125,63841.12109375,26635912073.0,,,,,,
2024-04-30,63839.41796875,64703.33203125,59120.06640625,60636.85546875,37840840057.0,,,,,,
2024-05-01,60609.49609375,60780.5,56555.29296875,58254.01171875,48439780271.0,,,,,,
2024-05-02,58253.703125,59602.296875,56937.203125,59123.43359375,32711813559.0,,,,,,
2024-05-03,59122.30078125,63320.50390625,58848.3125,62889.8359375,33172023048.0,,,,,,
2024-05-04,62891.03125,64494.95703125,62599.3515625,63891.47265625,20620477992.0,,,,,,
2024-05-05,63892.453125,64610.890625,62955.3046875,64031.1328125,18296164805.0,,,,,,
2024-05-06,64038.3125,65494.90234375,62746.23828125,63161.94921875,28697928697.0,,,,,,
2024-05-07,63162.76171875,64390.45703125,62285.98046875,62334.81640625,25930730982.0,,,,,,
2024-05-08,62332.640625,62986.0859375,60877.12890625,61187.94140625,26088172222.0,,,,,,
2024-05-09,61191.19921875,63404.9140625,60648.07421875,63049.9609375,25453338161.0,,,,,,
2024-05-10,63055.19140625,63446.7421875,60208.78125,60792.77734375,27804954694.0,,,,,,
2024-05-11,60793.35546875,61451.15234375,60492.625,60793.7109375,13842272968.0,,,,,,
2024-05-12,60793.50390625,61818.15625,60632.6015625,61448.39453125,13800459405.0,,,,,,
2024-05-13,61451.21875,63422.66015625,60769.83984375,62901.44921875,27889181179.0,,,,,,
2024-05-14,62900.7734375,63092.125,61123.765625,61552.7890625,28186271527.0,,,,,,
2024-05-15,61553.98828125,66454.453125,61330.41015625,66267.4921875,39815167074.0,,,,,,
2024-05-16,66256.109375,66712.4296875,64613.0546875,65231.58203125,31573077994.0,,,,,,
2024-05-17,65231.296875,67459.4609375,65119.31640625,67051.875,28031279310.0,,,,,,
2024-05-18,67066.2109375,67387.328125,66663.5,66940.8046875,16712277406.0,,,,,,
2024-05-19,66937.9296875,67694.296875,65937.1796875,66278.3671875,19249094538.0,,,,,,
2024-05-20,66278.7421875,71483.5625,66086.171875,71448.1953125,43850655717.0,,,,,,
2024-05-21,71443.0625,71946.4609375,69191.125,70136.53125,46932005990.0,,,,,,
2024-05-22,70135.3203125,70623.6953125,68977.6953125,69122.3359375,32802561717.0,,,,,,
2024-05-23,69121.3046875,70041.2734375,66356.953125,67929.5625,41895680979.0,,,,,,
2024-05-24,67928.1328125,69220.296875,66622.671875,68526.1015625,29197308153.0,,,,,,
2024-05-25,68526.921875,69579.3203125,68515.8203125,69265.9453125,15473071741.0,,,,,,
2024-05-26,69264.2890625,69506.2265625,68183.890625,68518.09375,15628433737.0,,,,,,
2024-05-27,68512.1796875,70597.8828125,68232.5,69394.5546875,25870990717.0,,,,,,
2024-05-28,69392.1953125,69514.640625,67227.15625,68296.21875,32722265965.0,,,,,,
2024-05-29,68296.3515625,68852.4609375,67101.4921875,67578.09375,26707072906.0,,,,,,
2024-05-30,67576.0859375,69500.5390625,67118.078125,68364.9921875,29509712534.0,,,,,,
2024-05-31,68362.515625,68999.5625,66633.421875,67491.4140625,27387283769.0,,,,,,
2024-06-01,67489.609375,67839.765625,67386.1953125,67706.9375,11641495604.0,,,,,,
2024-06-02,67710.2734375,68409.1640625,67315.5234375,67751.6015625,17110588415.0,,,,,,
2024-06-03,67753.8984375,70230.8203125,67589.8359375,68804.78125,32401285324.0,,,,,,
2024-06-04,68804.5703125,71047.40625,68564.640625,70567.765625,33149696545.0,,,,,,
2024-06-05,70568.3515625,71735.4140625,70390.7109375,71082.8203125,32810771409.0,,,,,,
2024-06-06,71082.84375,71625.734375,70119.125,70757.1640625,25223152007.0,,,,,,
2024-06-07,70759.1875,71907.8515625,68507.2578125,69342.5859375,36188381096.0,,,,,,
2024-06-08,69324.1796875,69533.3203125,69210.7421875,69305.7734375,14262185861.0,,,,,,
2024-06-09,69297.4921875,69817.5234375,69160.84375,69647.9921875,13534028500.0,,,,,,
2024-06-10,69644.3125,70146.0703125,69232.421875,69512.28125,20597699541.0,,,,,,
2024-06-11,69508.078125,69549.4140625,66123.6015625,67332.03125,37116136345.0,,,,,,
2024-06-12,67321.375,69977.890625,66902.453125,68241.1875,34497940694.0,,,,,,
2024-06-13,68243.1015625,68365.78125,66304.5625,66756.3984375,28955204146.0,,,,,,
2024-06-14,66747.5703125,67294.6484375,65056.89453125,66011.09375,27403884779.0,,,,,,
2024-06-15,66006.7421875,66402.1875,65871.7734375,66191.0,14121265576.0,,,,,,
2024-06-16,66189.359375,66894.84375,66018.25,66639.046875,13281140541.0,,,,,,
2024-06-17,66636.515625,67188.3203125,65094.96484375,66490.296875,30006354476.0,,,,,,
2024-06-18,66490.9765625,66556.703125,64066.95703125,65140.74609375,39481285950.0,,,,,,
2024-06-19,65146.66015625,65695.3515625,64693.30078125,64960.296875,21103423504.0,,,,,,
2024-06-20,64960.296875,66438.9609375,64547.84765625,64828.65625,25641109124.0,,,,,,
2024-06-21,64837.98828125,65007.546875,63378.89453125,64096.19921875,26188171739.0,,,,,,
2024-06-22,64113.86328125,64475.46875,63929.7578125,64252.578125,9858198793.0,,,,,,
2024-06-23,64248.96484375,64491.703125,63180.796875,63180.796875,11170471802.0,,,,,,
2024-06-24,63173.3515625,63292.52734375,58601.69921875,60277.4140625,43152133651.0,,,,,,
2024-06-25,60266.28125,62258.26171875,60239.75,61804.640625,29201215431.0,,,,,,
2024-06-26,61789.67578125,62434.13671875,60695.1875,60811.27734375,22506003064.0,,,,,,
2024-06-27,60811.2265625,62293.86328125,60585.33203125,61604.80078125,21231745045.0,,,,,,
2024-06-28,61612.8046875,62126.09765625,59985.40234375,60320.13671875,24952866877.0,,,,,,
2024-06-29,60319.875,61097.62109375,60300.96484375,60887.37890625,12652903396.0,,,,,,
2024-06-30,60888.4453125,62892.828125,60632.94921875,62678.29296875,17333226409.0,,,,,,
2024-07-01,62673.60546875,63777.2265625,62495.51171875,62851.98046875,25468379421.0,,,,,,
2024-07-02,62844.41015625,63203.359375,61752.74609375,62029.015625,20151616992.0,,,,,,
2024-07-03,62034.33203125,62187.703125,59419.38671875,60173.921875,29756701685.0,,,,,,
2024-07-04,60147.13671875,60399.67578125,56777.8046875,56977.703125,41149609230.0,,,,,,
2024-07-05,57022.80859375,57497.15234375,53717.375,56662.375,55417544033.0,,,,,,
2024-07-06,56659.07421875,58472.546875,56038.9609375,58303.5390625,20610320577.0,,,,,,
2024-07-07,58239.4296875,58371.12109375,55793.32421875,55849.109375,20553359505.0,,,,,,
2024-07-08,55849.57421875,58131.3359375,54321.01953125,56705.09765625,39766159899.0,,,,,,
2024-07-09,56704.59765625,58239.1953125,56316.875,58009.2265625,27849512607.0,,,,,,
2024-07-10,58033.8828125,59359.43359375,57178.4140625,57742.49609375,26175260526.0,,,,,,
2024-07-11,57729.890625,59299.43359375,57120.37890625,57344.9140625,28707803842.0,,,,,,
2024-07-12,57341.1953125,58532.5546875,56590.17578125,57899.46484375,25604805221.0,,,,,,
2024-07-13,57908.73828125,59787.078125,57796.44140625,59231.953125,17080061806.0,,,,,,
2024-07-14,59225.25,61329.52734375,59225.25,60787.79296875,22223416061.0,,,,,,
2024-07-15,60815.45703125,64870.15234375,60704.9296875,64870.15234375,38094526099.0,,,,,,
2024-07-16,64784.41796875,65354.33984375,62487.96875,65097.1484375,41617346768.0,,,,,,
2024-07-17,65091.83203125,66066.734375,63896.0859375,64118.79296875,32525071311.0,,,,,,
2024-07-18,64104.73828125,65104.66015625,63246.1640625,63974.06640625,27239305337.0,,,,,,
2024-07-19,63972.32421875,67442.640625,63329.34375,66710.15625,37003855410.0,,,,,,
2024-07-20,66709.921875,67610.734375,66299.6171875,67163.6484375,19029581250.0,,,,,,
2024-07-21,67164.9140625,68372.90625,65842.296875,68154.5234375,26652190004.0,,,,,,
2024-07-22,68152.9765625,68480.0625,66611.296875,67585.25,42649109453.0,,,,,,
2024-07-23,67584.8046875,67779.015625,65484.4609375,65927.671875,35605668666.0,,,,,,
2024-07-24,65927.859375,67113.984375,65146.99609375,65372.1328125,27470942309.0,,,,,,
2024-07-25,65375.875,66112.421875,63473.47265625,65777.2265625,38315761670.0,,,,,,
2024-07-26,65771.8125,68207.6015625,65743.765625,67912.0625,30488630457.0,,,,,,
2024-07-27,67911.8125,69398.5078125,66705.21875,67813.3359375,34691905492.0,,,,,,
2024-07-28,67808.65625,68301.8515625,67085.828125,68255.8671875,18043166945.0,,,,,,
2024-07-29,68259.0546875,69987.5390625,66532.59375,66819.9140625,40780682628.0,,,,,,
2024-07-30,66819.0546875,66987.671875,65323.19140625,66201.015625,31380492109.0,,,,,,
2024-07-31,66201.2734375,66810.2109375,64532.046875,64619.25,31292785994.0,,,,,,
2024-08-01,64625.83984375,65593.2421875,62248.94140625,65357.5,40975554494.0,,,,,,
2024-08-02,65353.5,65523.22265625,61184.89453125,61415.06640625,43060875727.0,,,,,,
2024-08-03,61414.80859375,62148.37109375,59836.52734375,60680.09375,31753030589.0,,,,,,
2024-08-04,60676.09375,61062.98828125,57210.8046875,58116.9765625,31758917219.0,,,,,,
2024-08-05,58110.296875,58268.828125,49121.23828125,53991.45703125,108991085584.0,,,,,,
2024-08-06,53991.34765625,57059.91796875,53973.2734375,56034.31640625,49300484106.0,,,,,,
2024-08-07,56040.6328125,57726.8828125,54620.5078125,55027.4609375,41637562185.0,,,,,,
2024-08-08,55030.02734375,62673.765625,54766.7265625,61710.13671875,45298472567.0,,,,,,
2024-08-09,61728.20703125,61751.86328125,59587.859375,60880.11328125,33425553115.0,,,,,,
2024-08-10,60881.23046875,61464.51171875,60287.56640625,60945.8125,15745822278.0,,,,,,
2024-08-11,60944.890625,61778.66015625,58348.82421875,58719.484375,22759754812.0,,,,,,
2024-08-12,58719.39453125,60680.33203125,57688.8984375,59354.515625,37078637820.0,,,,,,
2024-08-13,59356.20703125,61572.3984375,58506.25390625,60609.56640625,30327698167.0,,,,,,
2024-08-14,60611.05078125,61687.7578125,58472.875,58737.26953125,29961696180.0,,,,,,
2024-08-15,58733.26171875,59838.6484375,56161.59375,57560.09765625,35682112440.0,,,,,,
2024-08-16,57560.2734375,59847.359375,57110.01953125,58894.10546875,29350938673.0,,,,,,
2024-08-17,58893.53125,59694.66796875,58814.83203125,59478.97265625,13589684021.0,,,,,,
2024-08-18,59468.1328125,60262.71875,58445.40234375,58483.96484375,17740625837.0,,,,,,
2024-08-19,58480.7109375,59612.66015625,57864.7109375,59493.453125,25911207712.0,,,,,,
2024-08-20,59493.453125,61396.328125,58610.8828125,59012.79296875,31613400008.0,,,,,,
2024-08-21,59014.98828125,61834.3515625,58823.4453125,61175.19140625,32731154072.0,,,,,,
2024-08-22,61168.31640625,61408.109375,59815.25390625,60381.9140625,27625734377.0,,,,,,
2024-08-23,60380.953125,64947.0625,60372.05078125,64094.35546875,42530509233.0,,,,,,
2024-08-24,64103.87109375,64513.7890625,63619.91796875,64178.9921875,21430585163.0,,,,,,
2024-08-25,64176.3671875,64996.421875,63833.51953125,64333.54296875,18827683555.0,,,,,,
2024-08-26,64342.2265625,64489.70703125,62849.55859375,62880.66015625,27682040631.0,,,,,,
2024-08-27,62879.70703125,63210.796875,58116.75,59504.1328125,39103882198.0,,,,,,
2024-08-28,59507.92578125,60236.44921875,57890.67578125,59027.625,40289564698.0,,,,,,
2024-08-29,59027.46875,61184.08203125,58786.2265625,59388.1796875,32224990582.0,,,,,,
2024-08-30,59388.6015625,59896.88671875,57768.53125,59119.4765625,32292756405.0,,,,,,
2024-08-31,59117.48046875,59432.59375,58768.78515625,58969.8984375,12403470760.0,,,,,,
2024-09-01,58969.80078125,59062.0703125,57217.82421875,57325.48828125,24592449997.0,,,,,,
2024-09-02,57326.96875,59403.0703125,57136.02734375,59112.48046875,27036454524.0,,,,,,
2024-09-03,59106.19140625,59815.05859375,57425.16796875,57431.0234375,26666961053.0,,,,,,
2024-09-04,57430.34765625,58511.5703125,55673.1640625,57971.5390625,35627680312.0,,,,,,
2024-09-05,57971.703125,58300.58203125,55712.453125,56160.48828125,31030280656.0,,,,,,
2024-09-06,56160.19140625,56976.109375,52598.69921875,53948.75390625,49361693566.0,,,,,,
2024-09-07,53949.0859375,54838.14453125,53740.0703125,54139.6875,19061486526.0,,,,,,
2024-09-08,54147.93359375,55300.859375,53653.7578125,54841.56640625,18268287531.0,,,,,,
2024-09-09,54851.88671875,58041.125,54598.43359375,57019.53515625,34618096173.0,,,,,,
2024-09-10,57020.09765625,58029.9765625,56419.4140625,57648.7109375,28857630507.0,,,,,,
2024-09-11,57650.2890625,57991.3203125,55567.33984375,57343.171875,37049062672.0,,,,,,
2024-09-12,57343.171875,58534.359375,57330.1015625,58127.01171875,33835707949.0,,,,,,
2024-09-13,58130.32421875,60648.0234375,57650.11328125,60571.30078125,32490528356.0,,,,,,
2024-09-14,60569.1171875,60656.72265625,59517.8828125,60005.12109375,16428405496.0,,,,,,
2024-09-15,60000.7265625,60381.91796875,58696.30859375,59182.8359375,18120960867.0,,,,,,
2024-09-16,59185.2265625,59205.51171875,57501.33984375,58192.5078125,32032822113.0,,,,,,
2024-09-17,58192.5078125,61316.08984375,57628.0703125,60308.5390625,38075570118.0,,,,,,
2024-09-18,60309.0,61664.06640625,59218.25390625,61649.6796875,40990702891.0,,,,,,
2024-09-19,61651.15625,63872.44140625,61609.8671875,62940.45703125,42710252573.0,,,,,,
2024-09-20,62941.42578125,64119.53125,62364.60546875,63192.9765625,35177164222.0,,,,,,
2024-09-21,63184.33984375,63543.359375,62783.10546875,63394.83984375,14408616220.0,,,,,,
2024-09-22,63396.8046875,63993.421875,62440.7265625,63648.7109375,20183348802.0,,,,,,
2024-09-23,63643.1015625,64733.55859375,62628.078125,63329.80078125,31400285425.0,,,,,,
2024-09-24,63326.83984375,64695.21484375,62737.41796875,64301.96875,29938335243.0,,,,,,
2024-09-25,64302.58984375,64804.50390625,62945.375,63143.14453125,25078377700.0,,,,,,
2024-09-26,63138.546875,65790.796875,62669.26953125,65181.01953125,36873129847.0,,,,,,
2024-09-27,65180.6640625,66480.6953125,64852.9921875,65790.6640625,32058813449.0,,,,,,
2024-09-28,65792.1796875,66255.53125,65458.03515625,65887.6484375,15243637984.0,,,,,,
2024-09-29,65888.8984375,66069.34375,65450.015625,65635.3046875,14788214575.0,,,,,,
2024-09-30,65634.65625,65635.0546875,62873.6171875,63329.5,37112957475.0,,,,,,
2024-10-01,63335.60546875,64110.98046875,60189.27734375,60837.0078125,50220923500.0,,,,,,
2024-10-02,60836.32421875,62357.6875,59996.94921875,60632.78515625,40762722398.0,,,,,,
2024-10-03,60632.484375,61469.0390625,59878.8046875,60759.40234375,36106447279.0,,,,,,
2024-10-04,60754.625,62465.9921875,60459.94140625,62067.4765625,29585472513.0,,,,,,
2024-10-05,62067.609375,62371.0234375,61689.58203125,62089.94921875,13305410749.0,,,,,,
2024-10-06,62084.98828125,62959.5703125,61833.1484375,62818.953125,14776233667.0,,,,,,
2024-10-07,62819.109375,64443.70703125,62152.55078125,62236.66015625,34253562610.0,,,,,,
2024-10-08,62221.64453125,63174.3046875,61843.5625,62131.96875,28134475157.0,,,,,,
2024-10-09,62131.7265625,62508.8359375,60314.61328125,60582.1015625,27670982363.0,,,,,,
2024-10-10,60581.9296875,61236.72265625,58895.20703125,60274.5,30452813570.0,,,,,,
2024-10-11,60275.4609375,63400.87109375,60046.125,62445.08984375,30327141594.0,,,,,,
2024-10-12,62444.6171875,63448.78515625,62443.26953125,63193.0234375,16744110886.0,,,,,,
2024-10-13,63192.9453125,63272.65234375,62035.63671875,62851.375,18177529690.0,,,,,,
2024-10-14,62848.3984375,66482.4921875,62442.15234375,66046.125,43706958056.0,,,,,,
2024-10-15,66050.3671875,67881.6796875,64809.1953125,67041.109375,48863870879.0,,,,,,
2024-10-16,67042.4609375,68375.2890625,66758.7265625,67612.71875,38195189534.0,,,,,,
2024-10-17,67617.078125,67912.2109375,66647.390625,67399.8359375,32790898511.0,,,,,,
2024-10-18,67419.109375,68969.75,67177.8203125,68418.7890625,36857165014.0,,,,,,
2024-10-19,68418.9765625,68668.0078125,68024.640625,68362.734375,14443497908.0,,,,,,
2024-10-20,68364.1796875,69359.0078125,68105.71875,69001.703125,18975847518.0,,,,,,
2024-10-21,69002.0,69462.734375,66829.8515625,67367.8515625,37498611780.0,,,,,,
2024-10-22,67360.703125,67801.578125,66581.3671875,67361.40625,31808472566.0,,,,,,
2024-10-23,67362.375,67402.7421875,65188.03515625,66432.1953125,32263980353.0,,,,,,
2024-10-24,66653.703125,68798.9609375,66454.1015625,68161.0546875,31414428647.0,,,,,,
2024-10-25,68165.296875,68722.15625,65521.79296875,66642.4140625,41469984306.0,,,,,,
2024-10-26,66628.734375,67317.921875,66360.59375,67014.6953125,19588098156.0,,,,,,
2024-10-27,67023.4765625,68221.3125,66847.2265625,67929.296875,16721307878.0,,,,,,
2024-10-28,67922.671875,70212.265625,67535.1328125,69907.7578125,38799856657.0,,,,,,
2024-10-29,69910.046875,73577.2109375,69729.9140625,72720.4921875,58541874402.0,,,,,,
2024-10-30,72715.3671875,72905.296875,71411.734375,72339.5390625,40646637831.0,,,,,,
2024-10-31,72335.046875,72662.3125,69590.5,70215.1875,40627912076.0,,,,,,
2024-11-01,70216.8984375,71559.015625,68779.703125,69482.46875,49989795365.0,,,,,,
2024-11-02,69486.0234375,69867.3515625,69033.71875,69289.2734375,18184612091.0,,,,,,
2024-11-03,69296.3828125,69361.65625,67482.5234375,68741.1171875,34868307655.0,,,,,,
2024-11-04,68742.1328125,69433.1796875,66803.6484375,67811.5078125,41184819348.0,,,,,,
2024-11-05,67811.171875,70522.7890625,67458.8671875,69359.5625,46046889204.0,,,,,,
2024-11-06,69358.5,76460.15625,69322.03125,75639.078125,118592653963.0,,,,,,
2024-11-07,75637.0859375,76943.1171875,74480.421875,75904.859375,63467654989.0,,,,,,
2024-11-08,75902.8359375,77252.75,75648.7421875,76545.4765625,55176858003.0,,,,,,
2024-11-09,76556.1875,76932.765625,75773.7890625,76778.8671875,29009480361.0,,,,,,
2024-11-10,76775.546875,81474.421875,76565.4296875,80474.1875,82570594495.0,,,,,,
2024-11-11,80471.4140625,89604.5,80283.25,88701.484375,117966845037.0,,,,,,
2024-11-12,88705.5625,89956.8828125,85155.109375,87955.8125,133673285375.0,,,,,,
2024-11-13,87929.96875,93434.3515625,86256.9296875,90584.1640625,123559027869.0,,,,,,
2024-11-14,90574.8828125,91765.21875,86682.8125,87250.4296875,87616705248.0,,,,,,
2024-11-15,87284.1796875,91868.7421875,87124.8984375,91066.0078125,78243109518.0,,,,,,
2024-11-16,91064.3671875,91763.9453125,90094.2265625,90558.4765625,44333192814.0,,,,,,
2024-11-17,90558.4609375,91433.0390625,88741.6640625,89845.8515625,46350159305.0,,,,,,
2024-11-18,89843.71875,92596.7890625,89393.59375,90542.640625,75535775084.0,,,,,,
2024-11-19,90536.8125,94002.8671875,90426.984375,92343.7890625,74521048295.0,,,,,,
2024-11-20,92341.890625,94902.0234375,91619.5,94339.4921875,71730956426.0,,,,,,
2024-11-21,94334.640625,99014.21875,94132.6015625,98504.7265625,106024505582.0,,,,,,
2024-11-22,98496.4296875,99655.5,97222.6640625,98997.6640625,78473580551.0,,,,,,
2024-11-23,99006.7421875,99014.6796875,97232.890625,97777.28125,44414644677.0,,,,,,
2024-11-24,97778.09375,98647.1796875,95788.078125,98013.8203125,51712020623.0,,,,,,
2024-11-25,98033.4453125,98935.03125,92642.9140625,93102.296875,80909462490.0,,,,,,
2024-11-26,93087.28125,94991.75,90770.8125,91985.3203125,91656519855.0,,,,,,
2024-11-27,91978.140625,97361.1796875,91778.6640625,95962.53125,71133452438.0,,,,,,
2024-11-28,95954.9453125,96650.203125,94677.3515625,95652.46875,52260008261.0,,,,,,
2024-11-29,95653.953125,98693.171875,95407.8828125,97461.5234375,54968682476.0,,,,,,
2024-11-30,97468.8125,97499.34375,96144.21875,96449.0546875,31634227866.0,,,,,,
2024-12-01,96461.3359375,97888.125,95770.1875,97279.7890625,36590695296.0,,,,,,
2024-12-02,97276.0078125,98152.6015625,94482.8671875,95865.3046875,72680784305.0,,,,,,
2024-12-03,95854.59375,96297.203125,93629.5625,96002.1640625,67067810961.0,,,,,,
2024-12-04,95988.53125,99207.328125,94660.5234375,98768.53125,77199817112.0,,,,,,
2024-12-05,98741.5390625,103900.46875,91998.78125,96593.5703125,149218945580.0,,,,,,
2024-12-06,97074.2265625,102039.8828125,96514.875,99920.7109375,94534772658.0,,,,,,
2024-12-07,99916.7109375,100563.3828125,99030.8828125,99923.3359375,44177510897.0,,,,,,
2024-12-08,99921.9140625,101399.9921875,98771.515625,101236.015625,44125751925.0,,,,,,
2024-12-09,101237.0625,101272.5078125,94355.9140625,97432.71875,110676473908.0,,,,,,
2024-12-10,97441.234375,98270.15625,94321.2578125,96675.4296875,104823780634.0,,,,,,
2024-12-11,96656.0625,101913.359375,95747.2265625,101173.03125,85391409936.0,,,,,,
2024-12-12,101167.8046875,102524.9140625,99339.953125,100043.0,72073983533.0,,,,,,
2024-12-13,100046.6484375,101888.8046875,99233.28125,101459.2578125,56894751583.0,,,,,,
2024-12-14,101451.4375,102618.8828125,100634.0546875,101372.96875,40422968793.0,,,,,,
2024-12-15,101373.53125,105047.5390625,101227.03125,104298.6953125,51145914137.0,,,,,,
2024-12-16,104293.578125,107780.578125,103322.984375,106029.71875,91020417816.0,,,,,,
2024-12-17,106030.6875,108268.4453125,105291.734375,106140.6015625,68589364868.0,,,,,,
2024-12-18,106147.296875,106470.609375,100041.5390625,100041.5390625,93865656139.0,,,,,,
2024-12-19,100070.6875,102748.1484375,95587.6796875,97490.953125,97221662392.0,,,,,,
2024-12-20,97484.6953125,98098.9140625,92175.1796875,97755.9296875,105634083408.0,,,,,,
2024-12-21,97756.1953125,99507.1015625,96426.5234375,97224.7265625,51765334294.0,,,,,,
2024-12-22,97218.3203125,97360.265625,94202.1875,95104.9375,43147981314.0,,,,,,
2024-12-23,95099.390625,96416.2109375,92403.1328125,94686.2421875,65239002919.0,,,,,,
2024-12-24,94684.34375,99404.0625,93448.015625,98676.09375,47114953674.0,,,,,,
2024-12-25,98675.9140625,99478.75,97593.46875,99299.1953125,33700394629.0,,,,,,
2024-12-26,99297.6953125,99884.5703125,95137.8828125,95795.515625,47054980873.0,,,,,,
2024-12-27,95704.9765625,97294.84375,93310.7421875,94164.859375,52419934565.0,,,,,,
2024-12-28,94160.1875,95525.8984375,94014.2890625,95163.9296875,24107436185.0,,,,,,
2024-12-29,95174.0546875,95174.875,92881.7890625,93530.2265625,29635885267.0,,,,,,
2024-12-30,93527.1953125,94903.3203125,91317.1328125,92643.2109375,56188003691.0,,,,,,
2024-12-31,92643.25,96090.6015625,91914.03125,93429.203125,43625106843.0,,,,,,
2025-01-01,93425.1015625,94929.8671875,92788.125,94419.7578125,24519888919.0,,,,,,
2025-01-02,94416.2890625,97739.8203125,94201.5703125,96886.875,46009564411.0,,,,,,
2025-01-03,96881.7265625,98956.9140625,96034.6171875,98107.4296875,35611391163.0,,,,,,
2025-01-04,98106.9921875,98734.4296875,97562.9765625,98236.2265625,22342608078.0,,,,,,
2025-01-05,98233.90625,98813.3046875,97291.765625,98314.9609375,20525254825.0,,,,,,
2025-01-06,98314.953125,102482.875,97926.1484375,102078.0859375,51823432705.0,,,,,,
2025-01-07,102248.8515625,102712.484375,96132.875,96922.703125,58685738547.0,,,,,,
2025-01-08,96924.1640625,97258.3203125,92525.84375,95043.5234375,63875859171.0,,,,,,
2025-01-09,95043.484375,95349.71875,91220.84375,92484.0390625,62777261693.0,,,,,,
2025-01-10,92494.4921875,95770.609375,92250.09375,94701.453125,62058693684.0,,,,,,
2025-01-11,94700.8359375,94977.6875,93840.046875,94566.59375,18860894100.0,,,,,,
2025-01-12,94565.7265625,95367.5390625,93712.5078125,94488.4375,20885130965.0,,,,,,
2025-01-13,94488.890625,95837.0,89260.1015625,94516.5234375,72978998252.0,,,,,,
2025-01-14,94519.0078125,97352.6640625,94322.15625,96534.046875,53769675818.0,,,,,,
2025-01-15,96534.046875,100697.234375,96501.640625,100504.4921875,57805923627.0,,,,,,
2025-01-16,100505.296875,100781.5859375,97364.4453125,99756.90625,54103781805.0,,,,,,
2025-01-17,100025.765625,105884.2265625,99948.90625,104462.0390625,71888972663.0,,,,,,
2025-01-18,104124.953125,104913.203125,102226.6171875,104408.0703125,50445655726.0,,,,,,
2025-01-19,104411.2890625,106299.796875,99570.53125,101089.609375,76789928525.0,,,,,,
2025-01-20,101083.75,109114.8828125,99471.359375,102016.6640625,126279678351.0,,,,,,
2025-01-21,102052.578125,107180.921875,100103.953125,106146.265625,88733878242.0,,,,,,
2025-01-22,106136.3828125,106294.34375,103360.265625,103653.0703125,53878181052.0,,,,,,
2025-01-23,103657.671875,106820.328125,101257.8046875,103960.171875,104104515428.0,,,,,,
2025-01-24,103965.671875,107098.546875,102772.125,104819.484375,52388229265.0,,,,,,
2025-01-25,104824.03125,105243.7890625,104120.375,104714.6484375,23888996502.0,,,,,,
2025-01-26,104713.2109375,105438.6484375,102507.7109375,102682.5,22543395879.0,,,,,,
2025-01-27,102680.3046875,103214.109375,97795.9375,102087.6875,89006608428.0,,,,,,
2025-01-28,102095.4140625,103730.8203125,100238.1875,101332.4765625,47180685494.0,,,,,,
2025-01-29,101317.5234375,104750.8046875,101283.8203125,103703.2109375,47432049818.0,,,,,,
2025-01-30,103709.3359375,106418.765625,103321.6484375,104735.3046875,41915744521.0,,,,,,
2025-01-31,104737.5625,106026.3515625,101543.8828125,102405.0234375,45732764360.0,,,,,,
2025-02-01,102402.796875,102755.7265625,100297.7109375,100655.90625,27757944848.0,,,,,,
2025-02-02,100661.5390625,101430.6640625,96216.078125,97688.9765625,63091816853.0,,,,,,
2025-02-03,97681.1015625,102514.171875,91242.890625,101405.421875,115400897748.0,,,,,,
2025-02-04,101398.71875,101745.6171875,96208.109375,97871.8203125,73002130211.0,,,,,,
2025-02-05,97878.0078125,99113.2109375,96174.828125,96615.4453125,49125911241.0,,,,,,
2025-02-06,96610.640625,99168.609375,95707.3515625,96593.296875,45302471947.0,,,,,,
2025-02-07,96581.3203125,100154.140625,95653.8828125,96529.0859375,55741290456.0,,,,,,
2025-02-08,96533.2578125,96877.8046875,95702.4921875,96482.453125,22447526395.0,,,,,,
2025-02-09,96481.3125,97325.28125,94745.2578125,96500.09375,27732901800.0,,,,,,
2025-02-10,96499.4609375,98333.21875,95320.84375,97437.5546875,40078962391.0,,,,,,
2025-02-11,97438.1328125,98492.8984375,94875.0390625,95747.4296875,37488783272.0,,,,,,
2025-02-12,95745.6953125,98151.0234375,94101.203125,97885.859375,49340445530.0,,,,,,
2025-02-13,97888.75,98111.0859375,95269.7109375,96623.8671875,37147280860.0,,,,,,
2025-02-14,96623.3671875,98819.46875,96342.8046875,97508.96875,32697987277.0,,,,,,
2025-02-15,97508.3828125,97975.0390625,97240.1953125,97580.3515625,17047266288.0,,,,,,
2025-02-16,97580.4921875,97725.59375,96060.9765625,96175.03125,16536755396.0,,,,,,
2025-02-17,96179.0078125,97032.234375,95243.546875,95773.3828125,27336550690.0,,,,,,
2025-02-18,95773.8125,96695.375,93388.8359375,95539.546875,37325720482.0,,,,,,
2025-02-19,95532.53125,96855.59375,95011.96875,96635.609375,28990872862.0,,,,,,
2025-02-20,96632.6796875,98767.1953125,96442.671875,98333.9375,31668022771.0,,,,,,
2025-02-21,98340.671875,99497.96875,94852.9609375,96125.546875,49608706470.0,,,,,,
2025-02-22,96134.203125,96950.15625,95765.34375,96577.7578125,18353824477.0,,,,,,
2025-02-23,96577.8046875,96671.875,95270.453125,96273.921875,16999478976.0,,,,,,
2025-02-24,96277.9609375,96503.453125,91371.7421875,91418.171875,44046480529.0,,,,,,
2025-02-25,91437.1171875,92511.078125,86008.234375,88736.171875,92139104128.0,,,,,,
2025-02-26,88638.890625,89286.25,82131.8984375,84347.0234375,64597492134.0,,,,,,
2025-02-27,84076.859375,87000.78125,83144.9609375,84704.2265625,52659591954.0,,,,,,
2025-02-28,84705.625,85036.3203125,78248.9140625,84373.0078125,83610570576.0,,,,,,
2025-03-01,84373.8671875,86522.3046875,83794.234375,86031.9140625,29190628396.0,,,,,,
2025-03-02,86036.2578125,95043.4375,85040.2109375,94248.3515625,58398341092.0,,,,,,
2025-03-03,94248.421875,94429.75,85081.3046875,86065.671875,70072228536.0,,,,,,
2025-03-04,86064.0703125,88911.2734375,81529.2421875,87222.1953125,68095241474.0,,,,,,
2025-03-05,87222.953125,90998.2421875,86379.7734375,90623.5625,50498988027.0,,,,,,
2025-03-06,90622.359375,92804.9375,87852.140625,89961.7265625,47749810486.0,,,,,,
2025-03-07,89963.28125,91191.046875,84717.6796875,86742.671875,65945677657.0,,,,,,
2025-03-08,86742.65625,86847.265625,85247.484375,86154.59375,18206118081.0,,,,,,
2025-03-09,86154.3046875,86471.1328125,80052.484375,80601.0390625,30899345977.0,,,,,,
2025-03-10,80597.1484375,83955.9296875,77420.59375,78532.0,54061099422.0,,,,,,
2025-03-11,78523.875,83577.7578125,76624.25,82862.2109375,54702837196.0,,,,,,
2025-03-12,82857.375,84358.578125,80635.25,83722.359375,40353484454.0,,,,,,
2025-03-13,83724.921875,84301.6953125,79931.8515625,81066.703125,31412940153.0,,,,,,
2025-03-14,81066.9921875,85263.2890625,80797.5625,83969.1015625,29588112414.0,,,,,,
2025-03-15,83968.40625,84672.671875,83639.59375,84343.109375,13650491277.0,,,,,,
2025-03-16,84333.3203125,85051.6015625,82017.90625,82579.6875,21330270174.0,,,,,,
2025-03-17,82576.3359375,84725.328125,82492.15625,84075.6875,25092785558.0,,,,,,
2025-03-18,84075.71875,84075.71875,81179.9921875,82718.5,24095774594.0,,,,,,
2025-03-19,82718.8046875,87021.1875,82569.7265625,86854.2265625,34931960257.0,,,,,,
2025-03-20,86872.953125,87443.265625,83647.1953125,84167.1953125,29028988961.0,,,,,,
2025-03-21,84164.5390625,84782.2734375,83171.0703125,84043.2421875,19030452299.0,,,,,,
2025-03-22,84046.2578125,84513.875,83674.78125,83832.484375,9863214091.0,,,,,,
2025-03-23,83831.8984375,86094.78125,83794.9140625,86054.375,12594615537.0,,,,,,
2025-03-24,86070.9296875,88758.7265625,85541.1953125,87498.9140625,34582604933.0,,,,,,
2025-03-25,87512.8203125,88542.3984375,86346.078125,87471.703125,30005840049.0,,,,,,
2025-03-26,87460.234375,88292.15625,85861.453125,86900.8828125,26704046038.0,,,,,,
2025-03-27,86896.2578125,87786.7265625,85837.9375,87177.1015625,24413471941.0,,,,,,
2025-03-28,87185.234375,87489.859375,83557.640625,84353.1484375,34198619509.0,,,,,,
2025-03-29,84352.0703125,84567.3359375,81634.140625,82597.5859375,16969396135.0,,,,,,
2025-03-30,82596.984375,83505.0,81573.25,82334.5234375,14763760943.0,,,,,,
2025-03-31,82336.0625,83870.125,81293.890625,82548.9140625,29004228247.0,,,,,,
2025-04-01,82551.921875,85487.3671875,82429.359375,85169.171875,28175650319.0,,,,,,
2025-04-02,85180.609375,88466.953125,82343.5390625,82485.7109375,47584398470.0,,,,,,
2025-04-03,82487.4765625,83909.296875,81282.1015625,83102.828125,36852112080.0,,,,,,
2025-04-04,83100.25,84696.1484375,81670.75,83843.8046875,45157640207.0,,,,,,
2025-04-05,83844.703125,84207.015625,82377.734375,83504.796875,14380803631.0,,,,,,
2025-04-06,83504.5078125,83704.71875,77097.7421875,78214.484375,36294853736.0,,,,,,
2025-04-07,78221.3359375,81119.0625,74436.6796875,79235.3359375,91262424987.0,,,,,,
2025-04-08,79218.4765625,80823.890625,76198.0234375,76271.953125,48314590749.0,,,,,,
2025-04-09,76273.5625,83541.0,74589.671875,82573.953125,84213627038.0,,,,,,
2025-04-10,82565.9765625,82700.9296875,78456.1328125,79626.140625,44718000633.0,,,,,,
2025-04-11,79625.046875,84247.4765625,78936.3203125,83404.8359375,41656778779.0,,,,,,
2025-04-12,83404.515625,85856.1875,82769.375,85287.109375,24258059104.0,,,,,,
2025-04-13,85279.46875,86015.1875,83027.0078125,83684.9765625,28796984817.0,,,,,,
2025-04-14,83694.5234375,85785.0,83690.640625,84542.390625,34090769777.0,,,,,,
2025-04-15,84539.6953125,86429.3515625,83598.8203125,83668.9921875,28040322885.0,,,,,,
2025-04-16,83674.5078125,85428.28125,83100.6171875,84033.8671875,29617804112.0,,,,,,
2025-04-17,84030.671875,85449.0703125,83749.75,84895.75,21276866029.0,,,,,,
2025-04-18,84900.1875,85095.046875,84298.8828125,84450.8046875,12728372364.0,,,,,,
2025-04-19,84450.8671875,85597.703125,84353.4609375,85063.4140625,15259300427.0,,,,,,
2025-04-20,85066.0703125,85306.3828125,83976.84375,85174.3046875,14664050812.0,,,,,,
2025-04-21,85171.5390625,88460.09375,85143.8359375,87518.90625,41396190190.0,,,,,,
2025-04-22,87521.875,93817.3828125,87084.53125,93441.890625,55899038456.0,,,,,,
2025-04-23,93427.5859375,94535.734375,91962.9609375,93699.109375,41719568821.0,,,,,,
2025-04-24,93692.3984375,94016.1953125,91696.7109375,93943.796875,31483175315.0,,,,,,
2025-04-25,93954.25,95768.390625,92898.59375,94720.5,40915232364.0,,,,,,
2025-04-26,94714.6484375,95251.359375,93927.25,94646.9296875,17612825123.0,,,,,,
2025-04-27,94660.90625,95301.203125,93665.3984375,93754.84375,18090367764.0,,,,,,
2025-04-28,93755.3046875,95598.4921875,92860.8046875,94978.75,32363449569.0,,,,,,
2025-04-29,94981.859375,95485.4140625,93796.6328125,94284.7890625,25806129921.0,,,,,,
2025-04-30,94286.46875,95249.3203125,92979.640625,94207.3125,28344679831.0,,,,,,
2025-05-01,94212.859375,97437.9609375,94153.6328125,96492.3359375,32875889623.0,,,,,,
2025-05-02,96494.96875,97905.8984375,96375.9453125,96910.0703125,26421924677.0,,,,,,
2025-05-03,96904.6328125,96943.8828125,95821.2890625,95891.796875,15775154889.0,,,,,,
2025-05-04,95877.1875,96318.921875,94173.4296875,94315.9765625,18198688416.0,,,,,,
2025-05-05,94319.5625,95193.1875,93566.265625,94748.0546875,25816260327.0,,,,,,
2025-05-06,94748.3828125,96889.1796875,93399.859375,96802.4765625,26551275827.0,,,,,,
2025-05-07,96800.1953125,97625.8046875,95829.3359375,97032.3203125,76983822462.0,,,,,,
2025-05-08,97034.25,103969.5390625,96913.875,103241.4609375,69895404397.0,,,,,,
2025-05-09,103239.125,104297.4921875,102343.09375,102970.8515625,58198593958.0,,,,,,
2025-05-10,102973.7109375,104961.765625,102830.484375,104696.328125,42276713994.0,,,,,,
2025-05-11,104701.0703125,104937.9921875,103364.7421875,104106.359375,46285517406.0,,,,,,
2025-05-12,104106.9609375,105747.453125,100814.40625,102812.953125,63250475404.0,,,,,,
2025-05-13,102812.4921875,104997.421875,101515.09375,104169.8125,52608876410.0,,,,,,
2025-05-14,104167.328125,104303.5625,102618.296875,103539.4140625,45956071155.0,,,,,,
2025-05-15,103538.828125,104153.6171875,101440.8125,103744.640625,50408241840.0,,,,,,
2025-05-16,103735.65625,104533.484375,103137.4765625,103489.2890625,44386499364.0,,,,,,
2025-05-17,103489.2890625,103716.9453125,102659.1796875,103191.0859375,37898552742.0,,,,,,
2025-05-18,103186.953125,106597.171875,103142.6015625,106446.0078125,49887082058.0,,,,,,
2025-05-19,106430.53125,107068.71875,102112.6875,105606.1796875,61761126647.0,,,,,,
2025-05-20,105605.40625,107307.1171875,104206.515625,106791.0859375,36515726122.0,,,,,,
2025-05-21,106791.3125,110724.4609375,106127.234375,109678.078125,78086364051.0,,,,,,
2025-05-22,109673.4921875,111970.171875,109285.0703125,111673.28125,70157575642.0,,,,,,
2025-05-23,111679.359375,111798.90625,106841.3046875,107287.796875,67548133399.0,,,,,,
2025-05-24,107278.5078125,109454.5234375,106895.2890625,107791.15625,45903627163.0,,,,,,
2025-05-25,107802.2734375,109313.3046875,106683.375,109035.390625,47518041841.0,,,,,,
2025-05-26,109023.78125,110376.8828125,108735.640625,109440.3671875,45950461571.0,,,,,,
2025-05-27,109440.40625,110744.2109375,107609.5546875,108994.640625,57450176272.0,,,,,,
2025-05-28,108992.171875,109298.2890625,106812.9296875,107802.328125,49155377493.0,,,,,,
2025-05-29,107795.5703125,108910.046875,105374.3984375,105641.7578125,56022752042.0,,,,,,
2025-05-30,105646.2109375,106308.9453125,103685.7890625,103998.5703125,57655287183.0,,,,,,
2025-05-31,103994.71875,104927.1015625,103136.1171875,104638.09375,38997843858.0,,,,,,
2025-06-01,104637.296875,105884.546875,103826.953125,105652.1015625,37397056873.0,,,,,,
2025-06-02,105649.8125,105958.3125,103727.546875,105881.53125,45819706290.0,,,,,,
2025-06-03,105888.4765625,106813.578125,104920.84375,105432.46875,46196508367.0,,,,,,
2025-06-04,105434.3671875,105997.6953125,104232.703125,104731.984375,44544857105.0,,,,,,
2025-06-05,104750.78125,105936.6875,100436.8828125,101575.953125,57479298400.0,,,,,,
2025-06-06,101574.3671875,105376.7734375,101169.5703125,104390.34375,48856653697.0,,,,,,
2025-06-07,104390.6484375,105972.7578125,103987.3125,105615.625,38365033776.0,,,,,,
2025-06-08,105617.5078125,106497.0625,105075.328125,105793.6484375,36626232328.0,,,,,,
2025-06-09,105793.0234375,110561.421875,105400.234375,110294.1015625,55903193732.0,,,,,,
2025-06-10,110295.6875,110380.125,108367.7109375,110257.234375,54700101509.0,,,,,,
2025-06-11,110261.796875,110384.21875,108086.328125,108686.625,50842662052.0,,,,,,
2025-06-12,108685.9140625,108780.6953125,105785.6875,105929.0546875,54843867968.0,,,,,,
2025-06-13,105924.59375,106182.546875,102822.0234375,106090.96875,69550440846.0,,,,,,
2025-06-14,106108.0859375,106203.7578125,104379.3671875,105472.40625,38007870453.0,,,,,,
2025-06-15,105464.84375,106157.1015625,104519.8828125,105552.0234375,36744307742.0,,,,,,
2025-06-16,105555.59375,108915.375,104997.625,106796.7578125,50366626945.0,,,,,,
2025-06-17,106794.1171875,107750.1953125,103396.53125,104601.1171875,55964092176.0,,,,,,
2025-06-18,104602.0703125,105581.8515625,103602.265625,104883.328125,47318089133.0,,,,,,
2025-06-19,104886.7734375,105250.890625,103940.7734375,104684.2890625,37333806920.0,,,,,,
2025-06-20,104681.03125,106539.3828125,102372.2109375,103309.6015625,50951862476.0,,,,,,
2025-06-21,103315.078125,104015.78125,100973.0625,102257.40625,38360555118.0,,,,,,
2025-06-22,102212.03125,103351.6328125,98286.203125,100987.140625,65536997201.0,,,,,,
2025-06-23,100987.4765625,106116.859375,99705.75,105577.7734375,65237759656.0,,,,,,
2025-06-24,105571.515625,106316.828125,104740.2421875,106045.6328125,48822986421.0,,,,,,
2025-06-25,106047.40625,108168.3984375,105881.390625,107361.2578125,51624120283.0,,,,,,
2025-06-26,107375.0703125,108305.546875,106666.3515625,106960.0,43891990613.0,,,,,,
2025-06-27,106954.921875,107772.46875,106449.9921875,107088.4296875,45353692675.0,,,,,,
2025-06-28,107090.546875,107567.8828125,106883.9765625,107327.703125,30037708335.0,,,,,,
2025-06-29,107327.8203125,108526.3046875,107230.109375,108385.5703125,35534874438.0,,,,,,
2025-06-30,108383.4375,108798.7890625,106759.6484375,107135.3359375,42064804590.0,,,,,,
2025-07-01,107144.3828125,107550.6796875,105270.2265625,105698.28125,44110692247.0,,,,,,
2025-07-02,105703.1015625,109763.65625,105157.3984375,108859.3203125,56248657737.0,,,,,,
2025-07-03,108845.015625,110541.4609375,108605.796875,109647.9765625,50494742270.0,,,,,,
2025-07-04,109635.65625,109751.984375,107296.3828125,108034.3359375,42616442656.0,,,,,,
2025-07-05,108015.8359375,108381.34375,107842.2734375,108231.1796875,30615537520.0,,,,,,
2025-07-06,108231.1875,109731.625,107847.015625,109232.0703125,36746020463.0,,,,,,
2025-07-07,109235.328125,109710.25,107527.0546875,108299.8515625,45415696597.0,,,,,,
2025-07-08,108298.2265625,109198.96875,107499.5546875,108950.2734375,44282204127.0,,,,,,
2025-07-09,108950.2734375,111925.375,108357.6796875,111326.5546875,57927418065.0,,,,,,
2025-07-10,111329.1953125,116608.78125,110660.75,115987.203125,95911605728.0,,,,,,
2025-07-11,115986.234375,118856.4765625,115245.6875,117516.9921875,86928361085.0,,,,,,
2025-07-12,117530.7109375,118219.8984375,116977.0234375,117435.2265625,45524560304.0,,,,,,
2025-07-13,117432.203125,119449.5703125,117265.4375,119116.1171875,49021091807.0,,,,,,
2025-07-14,119115.7890625,123091.609375,118959.1953125,119849.703125,181746419401.0,,,,,,
2025-07-15,119853.8515625,119935.5625,115765.6875,117777.1875,98321661181.0,,,,,,
2025-07-16,117777.1875,120065.515625,117064.8203125,118738.5078125,72162029070.0,,,,,,
2025-07-17,118738.5078125,120999.609375,117508.21875,119289.84375,72363841798.0,,,,,,
2025-07-18,119284.109375,120851.9140625,116925.984375,118003.2265625,77945799785.0,,,,,,
2025-07-19,117998.125,118541.3984375,117388.4140625,117939.9765625,47564562765.0,,,,,,
2025-07-20,117944.109375,118865.03125,116550.1328125,117300.7890625,57515447231.0,,,,,,
2025-07-21,117306.46875,119671.5625,116584.3984375,117439.5390625,69820091744.0,,,,,,
2025-07-22,117426.5,120269.96875,116233.2265625,119995.4140625,79217583118.0,,,,,,
2025-07-23,119997.4453125,120113.3515625,117391.390625,118754.9609375,66608604537.0,,,,,,
2025-07-24,118770.984375,119535.453125,117247.96875,118368.0,72627318560.0,,,,,,
2025-07-25,118368.0,118486.9765625,114759.8203125,117635.8828125,104857024569.0,,,,,,
2025-07-26,117644.84375,118335.6875,117181.2265625,117947.3671875,48508954046.0,,,,,,
2025-07-27,117944.7265625,119815.59375,117859.6875,119448.4921875,54683390892.0,,,,,,
2025-07-28,119457.5234375,119819.7890625,117441.4375,117924.4765625,64822943193.0,,,,,,
2025-07-29,117938.5859375,119273.8671875,116987.3671875,117922.1484375,68463107433.0,,,,,,
2025-07-30,117921.9921875,118780.7265625,115800.828125,117831.1875,68896148592.0,,,,,,
2025-07-31,117833.6328125,118919.984375,115505.21875,115758.203125,69370346018.0,,,,,,
2025-08-01,115738.953125,116060.7734375,112724.4453125,113320.0859375,91294530181.0,,,,,,
2025-08-02,113320.390625,114021.6015625,112005.765625,112526.9140625,56870866000.0,,,,,,
2025-08-03,112525.8046875,114747.421875,111943.8046875,114217.671875,48099615826.0,,,,,,
2025-08-04,114223.921875,115729.46875,114130.40625,115071.8828125,35783028986.0,,,,,,
2025-08-05,115072.1875,115117.4375,112701.109375,114141.4453125,61039182286.0,,,,,,
2025-08-06,114140.9140625,115737.8359375,113372.25,115028.0,56379133510.0,,,,,,
2025-08-07,115030.0546875,117676.90625,114279.7109375,117496.8984375,64051649681.0,,,,,,
2025-08-08,117505.5,117689.203125,115917.4609375,116688.7265625,59713005166.0,,,,,,
2025-08-09,116678.2734375,117906.609375,116363.8359375,116500.359375,54004312429.0,,,,,,
2025-08-10,116497.71875,119320.7109375,116485.1640625,119306.7578125,64755458694.0,,,,,,
2025-08-11,119306.8125,122321.09375,118159.03125,118731.4453125,90528784177.0,,,,,,
2025-08-12,118717.6640625,120302.46875,118228.71875,120172.90625,72803657984.0,,,,,,
2025-08-13,120168.9765625,123682.453125,118939.6328125,123344.0625,90904808795.0,,,,,,
2025-08-14,123339.3984375,124457.1171875,117254.8828125,118359.578125,104055627395.0,,,,,,
2025-08-15,118365.78125,119332.3125,116864.5703125,117398.3515625,68665353159.0,,,,,,
2025-08-16,117398.421875,117996.0625,117271.953125,117491.3515625,48036922378.0,,,,,,
2025-08-17,117492.7890625,118595.7734375,117279.5234375,117453.0625,45852169525.0,,,,,,
2025-08-18,117453.90625,117614.171875,114723.6796875,116252.3125,72787808090.0,,,,,,
2025-08-19,116241.859375,116764.5,112730.3984375,112831.1796875,71657600353.0,,,,,,
2025-08-20,112828.0234375,114625.796875,112387.9609375,114274.7421875,67993811526.0,,,,,,
2025-08-21,114275.6875,114802.6484375,111986.234375,112419.03125,57817883700.0,,,,,,
2025-08-22,112433.734375,117377.3984375,111678.9453125,116874.0859375,82528088240.0,,,,,,
2025-08-23,116866.3671875,116996.25,114536.109375,115374.328125,55377142586.0,,,,,,
2025-08-24,115387.390625,115615.0859375,111060.546875,113458.4296875,73961489632.0,,,,,,
2025-08-25,113456.8984375,113637.84375,109324.28125,110124.3515625,85706860190.0,,,,,,
2025-08-26,110124.1015625,112397.015625,108762.0390625,111802.65625,69396320317.0,,,,,,
2025-08-27,111795.7109375,112619.4140625,110398.265625,111222.0625,62137056409.0,,,,,,
2025-08-28,111219.0546875,113450.078125,110900.921875,112544.8046875,58860155962.0,,,,,,
2025-08-29,112550.5234375,112619.0546875,107559.625,108410.8359375,77843379644.0,,,,,,
2025-08-30,108409.40625,108929.3515625,107444.4453125,108808.0703125,51486264208.0,,,,,,
2025-08-31,108818.4609375,109491.0,108104.65625,108236.7109375,47986191770.0,,,,,,
2025-09-01,108228.75,109890.5859375,107271.1796875,109250.59375,66870372995.0,,,,,,
2025-09-02,109243.0703125,111748.015625,108454.03125,111200.5859375,74776999491.0,,,,,,
2025-09-03,111190.6953125,112600.2265625,110582.9609375,111723.2109375,61119643565.0,,,,,,
2025-09-04,111718.1484375,112208.328125,109347.2265625,110723.6015625,60131132901.0,,,,,,
2025-09-05,110723.015625,113357.4921875,110233.3984375,110650.984375,60241647677.0,,,,,,
2025-09-06,110650.5703125,111275.015625,110024.0859375,110224.6953125,21500719036.0,,,,,,
2025-09-07,110221.328125,111591.078125,110211.625,111167.6171875,24618007520.0,,,,,,
2025-09-08,111163.015625,112869.234375,110630.609375,112071.4296875,40212813407.0,,,,,,
2025-09-09,112077.578125,113225.4375,110776.703125,111530.546875,45984480722.0,,,,,,
2025-09-10,111531.25,114275.25,110940.078125,113955.359375,56377473784.0,,,,,,
2025-09-11,113961.4296875,115522.546875,113453.8359375,115507.5390625,45685065332.0,,,,,,
2025-09-12,115507.7890625,116769.3828125,114794.484375,116101.578125,54785725894.0,,,,,,
2025-09-13,116093.5625,116334.6328125,115248.2734375,115950.5078125,34549454947.0,,,,,,
2025-09-14,115950.2890625,116181.5,115222.3984375,115407.65625,32798036057.0,,,,,,
2025-09-15,115399.6328125,116747.8828125,114461.0625,115444.875,52937859416.0,,,,,,
2025-09-16,115423.7578125,117005.2734375,114813.09375,116843.1875,45781744593.0,,,,,,
2025-09-17,116840.5078125,117328.609375,114794.9765625,116468.5078125,60528025996.0,,,,,,
2025-09-18,116461.265625,117911.7890625,116188.796875,117137.203125,49457272032.0,,,,,,
2025-09-19,117137.671875,117479.7578125,115141.8203125,115688.859375,38828473971.0,,,,,,
2025-09-20,115691.125,116191.1484375,115473.5234375,115721.9609375,22864449614.0,,,,,,
2025-09-21,115730.2265625,115901.0859375,115252.578125,115306.09375,22495852193.0,,,,,,
2025-09-22,115309.21875,115431.3125,112037.6484375,112748.5078125,70684158591.0,,,,,,
2025-09-23,112757.4765625,113351.9140625,111535.5703125,112014.5,47211853279.0,,,,,,
2025-09-24,112007.6640625,113986.2734375,111229.640625,113328.6328125,48044595085.0,,,,,,
2025-09-25,113330.1640625,113541.0859375,108713.3984375,109049.2890625,75528654284.0,,,,,,
2025-09-26,109041.296875,110359.1953125,108728.9765625,109712.828125,57738288949.0,,,,,,
2025-09-27,109707.140625,109778.5,109144.296875,109681.9453125,26308042910.0,,,,,,
2025-09-28,109681.9453125,112375.484375,109236.9453125,112122.640625,33371048505.0,,,,,,
2025-09-29,112117.875,114473.5703125,111589.953125,114400.3828125,60000147466.0,,,,,,
2025-09-30,114396.5234375,114836.6171875,112740.5625,114056.0859375,58986330258.0,,,,,,
2025-10-01,114057.59375,118648.9296875,113981.3984375,118648.9296875,71328680132.0,,,,,,
2025-10-02,118652.3828125,121086.40625,118383.15625,120681.2578125,71415163912.0,,,,,,
2025-10-03,120656.984375,123944.703125,119344.3125,122266.53125,83941392228.0,,,,,,
2025-10-04,122267.46875,122857.640625,121577.5703125,122425.4296875,36769171735.0,,,,,,
2025-10-05,122419.671875,125559.2109375,122191.9609375,123513.4765625,73689317763.0,,,,,,
2025-10-06,123510.453125,126198.0703125,123196.046875,124752.53125,72568881188.0,,,,,,
2025-10-07,124752.140625,125184.0234375,120681.96875,121451.3828125,76149412513.0,,,,,,
2025-10-08,121448.3515625,124167.09375,121119.1796875,123354.8671875,65354305286.0,,,,,,
2025-10-09,123337.0703125,123739.34375,119812.03125,121705.5859375,74653009425.0,,,,,,
2025-10-10,121704.7421875,122509.6640625,104582.4140625,113214.3671875,153125018868.0,,,,,,
2025-10-11,113236.4296875,113429.7265625,109760.5625,110807.8828125,110236934340.0,,,,,,
2025-10-12,110811.515625,115805.0625,109715.5390625,115169.765625,93710414091.0,,,,,,
2025-10-13,115161.6796875,116020.484375,113821.1875,115271.078125,71582026739.0,,,,,,
2025-10-14,115264.8828125,115502.8828125,110029.484375,113118.6640625,92212917403.0,,,,,,
2025-10-15,113113.96875,113622.3828125,110235.8359375,110783.1640625,72574132855.0,,,,,,
2025-10-16,110782.171875,111990.8125,107537.03125,108186.0390625,87306423067.0,,,,,,
2025-10-17,108179.1328125,109235.8046875,103598.4296875,106467.7890625,99703051669.0,,,,,,
2025-10-18,106483.734375,107490.984375,106387.453125,107198.265625,37779905278.0,,,,,,
2025-10-19,107204.3125,109488.9921875,106157.7890625,108666.7109375,47657008953.0,,,,,,
2025-10-20,108667.4453125,111711.03125,107485.015625,110588.9296875,63507793085.0,,,,,,
2025-10-21,110587.6328125,113996.34375,107534.75,108476.890625,101194375480.0,,,,,,
2025-10-22,108491.53125,109115.1328125,106778.0,107688.5859375,80807013218.0,,,,,,
2025-10-23,107679.4375,111288.59375,107548.4296875,110069.7265625,54944076060.0,,,,,,
2025-10-24,110069.3515625,111842.53125,109770.1484375,111033.921875,48160816980.0,,,,,,
2025-10-25,111032.6171875,111947.703125,110704.40625,111641.7265625,24707667305.0,,,,,,
2025-10-26,111639.0546875,115260.90625,111268.484375,114472.4453125,41708524143.0,,,,,,
2025-10-27,114479.8515625,116273.3125,113882.2890625,114119.328125,61761358733.0,,,,,,
2025-10-28,114129.0859375,116078.984375,112291.6796875,112956.1640625,64528066504.0,,,,,,
2025-10-29,112921.328125,113642.7265625,109368.71875,110055.3046875,62192043469.0,,,,,,
2025-10-30,110059.1953125,111612.3515625,106376.6875,108305.546875,69673964814.0,,,,,,
2025-10-31,108304.4140625,111031.8203125,108288.2734375,109556.1640625,60090359560.0,,,,,,
2025-11-01,109558.625,110574.8984375,109372.953125,110064.015625,25871668762.0,,,,,,
2025-11-02,110064.4296875,111167.3125,109523.453125,110639.625,34284209459.0,,,,,,
2025-11-03,110646.90625,110764.9140625,105336.359375,106547.5234375,72852006359.0,,,,,,
2025-11-04,106541.421875,107264.8828125,98962.0625,101590.5234375,110967184773.0,,,,,,
2025-11-05,101579.234375,104534.703125,98989.9140625,103891.8359375,77584934804.0,,,,,,
2025-11-06,103893.6640625,104147.3046875,100336.8671875,101301.2890625,63932752861.0,,,,,,
2025-11-07,101286.2421875,104052.9140625,99257.0546875,103372.40625,92168030081.0,,,,,,
2025-11-08,103371.703125,103373.5625,101458.0390625,102282.1171875,51446691095.0,,,,,,
2025-11-09,102278.984375,105418.3671875,101468.875,104719.640625,59679243013.0,,,,,,
2025-11-10,104723.7734375,106564.6953125,104350.6484375,105996.59375,69585887229.0,,,,,,
2025-11-11,105996.859375,107428.2578125,102457.328125,102997.46875,71130078574.0,,,,,,
2025-11-12,103011.4375,105297.234375,100836.6171875,101663.1875,64347179408.0,,,,,,
2025-11-13,101674.1484375,104005.4921875,97988.71875,99697.4921875,101546815416.0,,,,,,
2025-11-14,99694.703125,99804.4296875,94000.734375,94397.7890625,114346441890.0,,,,,,
2025-11-15,94420.46875,96728.46875,94420.46875,95549.1484375,38500716654.0,,,,,,
2025-11-16,95556.8671875,96564.1875,92971.1640625,94177.078125,71086235862.0,,,,,,
2025-11-17,94180.875,95928.3671875,91214.7578125,92093.875,94186165724.0,,,,,,
2025-11-18,92094.53125,93745.078125,89300.4609375,92948.875,101333569062.0,,,,,,
2025-11-19,92946.1640625,92946.1640625,88526.828125,91465.9921875,80350354656.0,,,,,,
2025-11-20,91459.3515625,93025.0703125,86040.796875,86631.8984375,97970645638.0,,,,,,
2025-11-21,86528.7734375,87380.8046875,80659.8125,85090.6875,129157506112.0,,,,,,
2025-11-22,85098.5625,85503.0078125,83490.8984375,84648.359375,40793099246.0,,,,,,
2025-11-23,84648.609375,88038.46875,84641.7734375,86805.0078125,58083435576.0,,,,,,
2025-11-24,86798.7734375,89206.3359375,85272.1953125,88270.5625,74433896110.0,,,,,,
2025-11-25,88269.9609375,88457.3359375,86131.4296875,87341.890625,64837343545.0,,,,,,
2025-11-26,87345.5859375,90581.15625,86316.8984375,90518.3671875,66496301869.0,,,,,,
2025-11-27,90517.765625,91897.578125,90089.515625,91285.375,57040622845.0,,,,,,
2025-11-28,91285.3828125,92969.0859375,90257.1171875,90919.265625,60895830289.0,,,,,,
2025-11-29,90918.7421875,91187.6171875,90260.1875,90851.7578125,37921773455.0,,,,,,
2025-11-30,90838.2109375,91965.046875,90394.3125,90394.3125,38497902869.0,,,,,,
2025-12-01,90389.109375,90398.15625,83862.25,86321.5703125,87962894424.0,,,,,,
2025-12-02,86322.5390625,92316.6328125,86202.1953125,91350.203125,78546798211.0,,,,,,
2025-12-03,91345.09375,94060.7734375,91056.390625,93527.8046875,77650204986.0,,,,,,
2025-12-04,93454.2578125,94038.2421875,90976.1015625,92141.625,64538402681.0,,,,,,
2025-12-05,92133.6484375,92702.640625,88152.140625,89387.7578125,63256398633.0,,,,,,
2025-12-06,89389.359375,90267.4609375,88951.6640625,89272.375,37994042405.0,,,,,,
2025-12-07,89277.8125,91740.84375,87799.5625,90405.640625,47394898960.0,,,,,,
2025-12-08,90424.5859375,92267.1171875,89644.890625,90640.203125,57394099056.0,,,,,,
2025-12-09,90639.703125,94601.5703125,89586.9765625,92691.7109375,66861721440.0,,,,,,
2025-12-10,92695.234375,94477.15625,91640.1328125,92020.9453125,65420694513.0,,,,,,
2025-12-11,92011.3046875,93554.265625,89335.296875,92511.3359375,64532834621.0,,,,,,
2025-12-12,92513.6640625,92747.9296875,89532.6015625,90270.4140625,80275884583.0,,,,,,
2025-12-13,90257.796875,90647.5703125,89800.9921875,90298.7109375,64237748110.0,,,,,,
2025-12-14,90296.4375,90498.109375,87634.9375,88175.1796875,50465972205.0,,,,,,
2025-12-15,88171.078125,89983.921875,85304.078125,86419.78125,45559514323.0,,,,,,
2025-12-16,86424.40625,88170.09375,85381.6875,87843.984375,41262178223.0,,,,,,
2025-12-17,87847.6171875,90264.5703125,85316.265625,86143.7578125,44243392914.0,,,,,,
2025-12-18,86144.3671875,89412.6640625,84436.3125,85462.5078125,52667115348.0,,,,,,
2025-12-19,85476.1328125,89339.1171875,85107.6640625,88103.3828125,46733310561.0,,,,,,
2025-12-20,88101.671875,88497.203125,87924.875,88344.0,14688196659.0,,,,,,
2025-12-21,88344.703125,89027.953125,87613.203125,88621.75,19845522660.0,,,,,,
2025-12-22,88621.3984375,90501.9296875,87908.0703125,88490.015625,38047472118.0,,,,,,
2025-12-23,88490.03125,88898.3828125,86606.9765625,87414.0,43683011533.0,,,,,,
2025-12-24,87404.3203125,87956.8828125,86411.796875,87611.9609375,25550297986.0,,,,,,
2025-12-25,87608.3203125,88501.7890625,86949.2578125,87234.7421875,19953216347.0,,,,,,
2025-12-26,87235.5078125,89459.4296875,86628.140625,87301.4296875,42455674908.0,,,,,,
2025-12-27,87301.4296875,87874.78125,87182.9765625,87802.15625,13741199310.0,,,,,,
2025-12-28,87799.34375,87986.890625,87394.953125,87835.8359375,15156557929.0,,,,,,
2025-12-29,87835.7890625,90299.15625,86717.9140625,87138.140625,48411625849.0,,,,,,
2025-12-30,87134.3515625,89297.9375,86735.546875,88430.1328125,35586356225.0,,,,,,
2025-12-31,88429.5859375,89080.2890625,87130.5625,87508.828125,33830210616.0,,,,,,
2026-01-01,87508.046875,88803.2265625,87399.40625,88731.984375,18849043990.0,,,,,,
2026-01-02,88733.0625,90884.4609375,88298.6171875,89944.6953125,46398906171.0,,,,,,
2026-01-03,89945.0546875,90679.5703125,89328.0703125,90603.1875,20774828592.0,,,,,,
2026-01-04,90603.0,91712.5859375,90595.1015625,91413.4921875,26770491368.0,,,,,,
2026-01-05,91414.625,94762.0703125,91414.625,93882.5546875,53376407252.0,,,,,,
2026-01-06,93876.9453125,94395.296875,91286.546875,93729.03125,52430605257.0,,,,,,
2026-01-07,93727.46875,93738.7890625,90601.8046875,91308.0546875,43461295053.0,,,,,,
2026-01-08,91309.640625,91485.8515625,89233.875,91027.125,42386697030.0,,,,,,
2026-01-09,91026.2734375,91910.671875,89625.3828125,90513.1015625,38305906684.0,,,,,,
2026-01-10,90510.1015625,90713.03125,90283.3984375,90386.6484375,12385895282.0,,,,,,
2026-01-11,90385.359375,91155.2265625,90212.0234375,90827.4609375,17165568977.0,,,,,,
2026-01-12,90825.859375,92395.5234375,90055.0234375,91192.9921875,41346275358.0,,,,,,
2026-01-13,91185.3359375,96011.625,90941.9296875,95321.78125,54980674354.0,,,,,,
2026-01-14,95322.90625,97860.6015625,94583.046875,96929.328125,60592490863.0,,,,,,
2026-01-15,96931.2890625,97150.171875,95103.2421875,95551.1875,53086363027.0,,,,,,
2026-01-16,95554.1015625,95801.890625,94259.2734375,95525.1171875,33248170537.0,,,,,,
2026-01-17,95525.15625,95598.4765625,95005.6171875,95099.921875,16021715122.0,,,,,,
2026-01-18,95101.1796875,95491.5078125,93588.8671875,93634.4296875,20809781232.0,,,,,,
2026-01-19,93655.671875,93660.828125,92089.25,92553.59375,39195241508.0,,,,,,
2026-01-20,92553.6015625,92798.4296875,87814.9296875,88310.90625,53072968031.0,,,,,,
2026-01-21,88326.5078125,90430.40625,87231.5703125,89376.9609375,56330422434.0,,,,,,
2026-01-22,89378.5234375,90258.9609375,88438.4453125,89462.453125,35549685694.0,,,,,,
2026-01-23,89462.046875,91100.25,88486.359375,89503.875,38997586037.0,,,,,,
2026-01-24,89506.1484375,89811.609375,89044.2890625,89110.734375,14558687712.0,,,,,,
2026-01-25,89104.765625,89193.1484375,86003.7109375,86572.21875,36124986722.0,,,,,,
2026-01-26,86566.5234375,88743.0703125,86429.2890625,88267.140625,45329286974.0,,,,,,
2026-01-27,88257.4765625,89427.125,87228.921875,89102.5703125,38744942267.0,,,,,,
2026-01-28,89104.046875,90439.2890625,88721.4609375,89184.5703125,39807419296.0,,,,,,
2026-01-29,89169.8515625,89200.78125,83250.6015625,84561.5859375,64653083162.0,,,,,,
2026-01-30,84562.7265625,84602.1640625,81071.4765625,84128.65625,72083816087.0,,,,,,
2026-01-31,84126.5,84136.921875,75815.8828125,78621.1171875,70479259159.0,,,,,,
2026-02-01,78626.125,79322.609375,75698.8984375,76974.4453125,53372509744.0,,,,,,
2026-02-02,76968.875,79258.609375,74551.3359375,78688.765625,75140589684.0,,,,,,
2026-02-03,78693.5078125,79118.8515625,72897.140625,75633.546875,68249110822.0,,,,,,
2026-02-04,75640.09375,76864.65625,71779.9296875,73019.703125,67215363944.0,,,,,,
2026-02-05,73016.375,73161.5546875,62353.53515625,62702.09765625,125509410908.0,,,,,,
2026-02-06,62704.453125,71681.3046875,60074.203125,70555.390625,114674259489.0,,,,,,
2026-02-07,70553.796875,71611.1484375,67364.4453125,69281.96875,62347107663.0,,,,,,
2026-02-08,69283.7265625,72206.90625,68852.8984375,70264.7265625,39721722619.0,,,,,,
2026-02-09,70243.328125,71369.96875,68291.03125,70120.78125,52081598792.0,,,,,,
2026-02-10,70137.390625,70464.265625,67913.09375,68793.9609375,40593063077.0,,,,,,
2026-02-11,68791.859375,69242.6796875,65757.3046875,66991.96875,49671946030.0,,,,,,
2026-02-12,66992.1953125,68339.4921875,65092.109375,66221.84375,44651071271.0,,,,,,
2026-02-13,66213.375,69382.8359375,65835.78125,68857.84375,40820775886.0,,,,,,
2026-02-14,68856.984375,70481.1640625,68706.6171875,69767.625,36012397645.0,,,,,,
2026-02-15,69764.953125,70939.2890625,68052.546875,68788.1875,40191152750.0,,,,,,
2026-02-16,68782.3984375,70067.234375,67301.5859375,68843.15625,33618145426.0,,,,,,
2026-02-17,68843.09375,69201.8671875,66615.28125,67494.21875,34866936040.0,,,,,,
2026-02-18,67488.0234375,68434.4296875,65845.8984375,66425.3203125,33094301643.0,,,,,,
2026-02-19,66425.625,67277.125,65637.4296875,66957.5234375,31492987019.0,,,,,,
2026-02-20,66958.578125,68269.03125,66452.484375,68005.421875,47507867304.0,,,,,,
2026-02-21,68000.25,68657.703125,67533.0703125,68003.765625,18357635642.0,,,,,,
2026-02-22,67998.828125,68235.2265625,67185.6015625,67659.390625,17893536012.0,,,,,,
2026-02-23,67668.4296875,67668.4296875,63924.4375,64616.73828125,50953457309.0,,,,,,
2026-02-24,64616.015625,64992.15625,62553.1875,64080.04296875,40849331086.0,,,,,,
2026-02-25,64077.76953125,69953.53125,63942.484375,67960.125,53629234355.0,,,,,,
2026-02-26,67954.8671875,68843.3515625,66523.734375,67453.7734375,42988597523.0,,,,,,
2026-02-27,67456.515625,68220.40625,64946.03515625,65881.796875,40283655942.0,,,,,,
2026-02-28,65878.9296875,67714.5234375,63062.21875,66995.859375,42041497112.0,,,,,,
2026-03-01,67005.8828125,68162.8203125,65076.73046875,65738.1015625,40733141929.0,,,,,,
2026-03-02,65734.078125,70044.0,65303.13671875,68775.8515625,56698092052.0,,,,,,
2026-03-03,68785.078125,69232.890625,66237.6171875,68293.6484375,47947999049.0,,,,,,
2026-03-04,68290.5625,74051.8046875,67437.40625,72710.578125,75073101274.0,,,,,,
2026-03-05,72712.65625,73555.7890625,70654.8828125,70841.125,51172841727.0,,,,,,
2026-03-06,70842.15625,71378.5703125,67757.8203125,68136.4921875,43776962871.0,,,,,,
2026-03-07,68136.6875,68515.1640625,66969.2578125,67272.59375,23258701211.0,,,,,,
2026-03-08,67272.5,68177.7890625,65639.1953125,65969.78125,33195080116.0,,,,,,
2026-03-09,65969.5859375,69474.9453125,65858.0078125,68402.3828125,49499875378.0,,,,,,
2026-03-10,68402.71875,71770.8984375,68402.71875,69926.921875,54003996096.0,,,,,,
2026-03-11,69931.25,71337.6640625,68998.8671875,70204.8828125,45236859848.0,,,,,,
2026-03-12,70209.765625,70775.828125,69230.15625,70493.4609375,40871848129.0,,,,,,
2026-03-13,70497.046875,73927.328125,70410.7265625,70968.265625,61167226505.0,,,,,,
2026-03-14,70965.3828125,71291.203125,70339.5859375,71214.625,22283546496.0,,,,,,
2026-03-15,71213.6796875,73173.0078125,70882.421875,72789.9140625,27991268669.0,,,,,,
2026-03-16,72798.171875,74901.859375,72300.6328125,74861.0859375,55572438409.0,,,,,,
2026-03-17,74855.296875,75988.3984375,73444.2265625,73922.4765625,49500721728.0,,,,,,
2026-03-18,73936.8515625,74658.9765625,70503.859375,71245.578125,46229011155.0,,,,,,
2026-03-19,71250.3515625,71598.84375,68805.5234375,69912.7890625,44631433398.0,,,,,,
2026-03-20,69911.53125,71346.796875,69398.8828125,70522.5859375,38299078407.0,,,,,,
2026-03-21,70522.46875,71051.2734375,68602.9140625,68711.5234375,21109354718.0,,,,,,
2026-03-22,68737.4453125,69561.7734375,67372.875,67845.2109375,30108051508.0,,,,,,
2026-03-23,67843.0,71782.2578125,67458.84375,70914.859375,51508669357.0,,,,,,
2026-03-24,70912.671875,71371.3046875,68920.6953125,70517.859375,40181522399.0,,,,,,
2026-03-25,70520.046875,71985.7421875,70383.59375,71309.8828125,35409791747.0,,,,,,
2026-03-26,71310.1171875,71410.390625,68118.3515625,68791.625,38962070215.0,,,,,,
2026-03-27,68790.8359375,69117.53125,65532.5703125,66338.375,46483453594.0,,,,,,
2026-03-28,66338.5,67232.859375,65906.7421875,66319.6953125,20924883455.0,,,,,,
2026-03-29,66319.6953125,67052.953125,64971.70703125,65954.921875,21645889785.0,,,,,,
2026-03-30,65958.3515625,68087.2890625,65759.8046875,66691.4453125,37694994180.0,,,,,,
2026-03-31,66694.5859375,68495.2734375,65950.4375,68233.3125,42997691338.0,,,,,,
2026-04-01,68232.890625,69230.359375,67555.359375,68078.5546875,36465393617.0,,,,,,
2026-04-02,68077.8984375,68633.1484375,65725.2578125,66888.5703125,39323384518.0,,,,,,
2026-04-03,66889.015625,67296.234375,66281.5390625,66931.1015625,22815543346.0,,,,,,
2026-04-04,66938.6484375,67515.015625,66769.640625,67290.515625,15878814963.0,,,,,,
2026-04-05,67291.1953125,69087.65625,66610.6328125,68981.8984375,22972648674.0,,,,,,
2026-04-06,68982.9140625,70305.421875,68347.078125,68859.828125,39542143229.0,,,,,,
2026-04-07,68859.375,72732.4296875,67740.5078125,71940.703125,44650511480.0,,,,,,
2026-04-08,71950.1484375,72825.1875,70707.46875,71123.359375,42444631703.0,,,,,,
2026-04-09,71120.5703125,73107.265625,70486.359375,71767.828125,38799581473.0,,,,,,
2026-04-10,71774.3671875,73440.1171875,71434.828125,72979.046875,37722595732.0,,,,,,
2026-04-11,72976.125,73784.234375,72556.3359375,73054.2734375,23287073965.0,,,,,,
2026-04-12,73056.046875,73154.03125,70540.5703125,70753.40625,29882740487.0,,,,,,
2026-04-13,70757.6171875,74896.3125,70588.5234375,74484.640625,52278211554.0,,,,,,
2026-04-14,74478.3984375,76061.7578125,73877.203125,74181.609375,53540826530.0,,,,,,
2026-04-15,74182.0234375,75409.2734375,73549.203125,74805.078125,38090174312.0,,,,,,
2026-04-16,74810.875,75506.5703125,73346.265625,75152.1328125,41312783855.0,,,,,,
2026-04-17,75164.0390625,78320.6796875,74558.6015625,77126.875,54137194839.0,,,,,,
2026-04-18,77136.046875,77416.703125,75504.9453125,75726.2109375,26014416776.0,,,,,,
2026-04-19,75723.6953125,76243.09375,73802.3828125,73856.3515625,30931515195.0,,,,,,
2026-04-20,73854.25,76575.359375,73775.5703125,75872.5234375,39674447916.0,,,,,,
2026-04-21,75872.828125,76881.4765625,74852.671875,76352.7734375,36453522626.0,,,,,,
2026-04-22,76354.21875,79468.0,76159.578125,78203.1015625,48336654537.0,,,,,,
2026-04-23,78203.875,78676.9375,77014.453125,78268.953125,40354900916.0,,,,,,
2026-04-24,78263.8203125,78554.09375,77318.4453125,77455.3125,32784213526.0,,,,,,
2026-04-25,77457.2109375,77882.640625,77184.6640625,77612.015625,16702933134.0,,,,,,
